,Num_block,Block_ID,Trial_ID,Resp_loc,Resp_conf,Correct,RT_resp,RT_conf,Wager,X,N,x_mean,Mouse_track
0,1.0,1.0,1.0,41.0,12.0,1.0,4.606198355002562,5.38203562599665,8.0,[[34.00402803 43.01838445]],2.0,38.51120624114202,"[[86.375 86.375 86.375 86.375 86.375 86.375 86.375 86.375 86.375 86.375
  86.375 86.375 86.375 86.375 86.375 86.375 86.375 86.375 86.375 86.375
  86.375 86.375 86.375 86.375 86.375 86.375 86.375 86.375 86.375 86.375
  86.375 86.375 86.375 86.375 86.375 86.375 86.375 86.375 86.375 86.375
  86.375 84.625 56.625 47.375 42.625 38.625 36.75  32.5   31.5   30.5
  29.25  29.5   38.625 48.125 48.125 48.5   48.625 49.875 53.25  53.5
  53.5   53.5   53.5   53.5   53.5   53.5   53.5   53.5   53.5   53.625
  53.625 53.625 53.625 53.625 53.625 53.625 53.625 53.625 53.625 53.625
  53.625 53.625 53.625 53.625 53.625 52.625 51.125 50.5   50.5   50.5
  50.5   50.5   50.5   50.5   50.5   50.5   50.5   50.625 52.75  52.875
  52.875 53.    53.625 54.375 54.625 54.875 55.25  55.125 54.25  52.5
  51.625 51.    49.875 44.75  42.125 41.25  41.125 41.125 41.125 41.125
  41.125 41.125 41.125 41.125 41.125 41.125 41.    41.    41.    41.
  41.   ]]"
1,1.0,1.0,2.0,51.0,4.0,0.0,3.7722607600007905,2.693846299996949,0.0,[[ 5.58445449  7.74403761 85.04773835 90.89536275]],4.0,47.31789829982927,"[[27.5   27.5   27.5   27.5   27.5   27.5   27.    27.    27.    27.
  27.    27.    27.    29.125 30.875 30.875 30.875 30.75  30.75  30.75
  30.75  31.    35.5   38.625 38.625 38.625 38.625 38.625 38.625 38.25
  37.375 37.    37.    37.    36.875 36.75  36.75  36.75  37.625 37.875
  41.625 44.75  49.75  74.25  81.375 81.375 81.375 81.25  79.    75.625
  71.    65.75  62.25  59.75  59.5   54.25  53.375 53.375 52.5   49.625
  49.125 49.125 49.125 49.125 49.125 49.125 49.625 50.5   50.875 50.875
  50.875 50.875 50.875 50.875 50.875]]"
2,1.0,1.0,3.0,43.0,6.0,0.0,4.833725029006018,1.7521906979964115,0.0,[[ 3.43195717  6.92409164 34.39784514 45.48063338 52.62362062 69.40006416]],6.0,35.3763686852291,"[[98.625 98.625 98.625 98.625 98.625 98.625 98.625 98.625 98.625 98.625
  98.625 98.625 87.25  56.25  47.25  43.625 36.125 32.    31.25  30.75
  30.375 29.5   29.5   29.5   29.5   29.5   29.5   29.5   29.5   39.25
  52.5   53.    53.    53.625 54.25  54.25  54.25  54.25  54.25  54.25
  54.25  54.25  53.75  52.875 52.    51.625 51.125 49.    48.625 48.625
  48.625 48.625 48.625 48.625 48.5   48.375 48.375 48.25  48.125 48.125
  48.125 48.125 48.125 44.    43.125 43.125 43.125 43.    42.625 42.625
  42.625 42.625 42.625 42.625 42.625]]"
3,1.0,1.0,4.0,36.0,6.0,0.0,4.775433597998926,1.8905795870014117,0.0,[[ 3.11628321 11.30369928 40.3082659  56.71746474]],4.0,27.861428283409474,"[[17.875 17.875 17.875 17.875 17.875 17.875 17.875 17.875 17.875 17.875
  17.875 17.875 17.875 17.875 17.875 17.875 32.25  40.75  44.625 58.
  83.5   91.875 91.875 91.875 91.875 91.    82.125 74.375 71.625 68.25
  67.875 67.75  67.75  67.    65.5   64.5   58.625 56.125 56.125 56.125
  55.625 55.125 55.125 55.125 55.125 55.125 55.125 55.125 55.125 53.
  50.75  50.75  50.75  50.75  48.625 47.75  47.75  47.75  47.625 47.625
  47.5   47.5   47.5   37.625 22.625 22.625 24.5   28.75  29.    29.375
  31.    37.625 37.625 37.625 37.625 37.625 37.625 37.625 37.625 37.625
  37.625 37.5   37.125 36.75  36.625 36.375 36.25  36.25  36.25  36.25
  36.25  36.25  36.25  36.25  36.25 ]]"
4,1.0,1.0,5.0,41.0,2.0,0.0,4.134760423003172,1.9357980279964977,0.0,[[31.04881049 55.10514867 58.80245   ]],3.0,48.31880305297991,"[[11.5   11.5   11.5   11.5   11.5   11.5   11.5   11.5   11.5   11.5
  11.5   11.5   11.5   11.5   11.625 22.    28.5   30.125 36.25  57.
  64.125 64.125 64.125 64.125 64.125 64.125 62.5   58.875 58.125 57.125
  55.75  54.    53.875 52.75  47.375 46.25  46.25  46.25  46.25  46.25
  46.25  46.25  46.25  46.25  46.25  46.25  46.25  46.125 45.625 45.5
  45.5   45.5   45.5   45.5   45.375 45.375 45.375 45.375 45.375 45.375
  45.375 45.375 44.375 43.5   43.25  43.25  43.25  43.25  43.25  43.125
  43.125 42.    41.375 41.375 41.375 41.375 41.375 41.375 41.375 41.375
  41.375 41.375 41.375 41.375 41.375 41.375]]"
5,1.0,1.0,6.0,49.0,36.0,1.0,7.391867471997102,4.146088690002216,2.0,[[20.47962357 53.59754279 66.73173321 79.39651994 80.38553849 84.26535769]],6.0,64.14271928047965,"[[67.75  67.75  67.75  67.75  67.75  67.75  67.75  67.75  67.75  67.75
  67.75  67.625 64.625 62.625 47.875 40.625 38.875 28.25   0.     0.
   0.     0.     0.     5.75   6.25   6.375 16.375 28.625 29.    31.5
  45.5   46.    46.    45.5   45.125 44.25  43.    42.75  42.625 42.625
  42.625 42.625 42.625 42.625 42.625 42.625 42.625 42.625 42.875 43.
  43.5   43.625 43.875 44.25  44.625 44.75  45.625 47.625 50.375 50.375
  50.375 50.375 50.375 52.125 64.25  64.25  64.25  64.25  63.75  62.375
  61.375 60.25  60.125 59.375 58.75  58.5   58.375 58.25  54.625 50.625
  50.625 50.625 50.25  49.875 49.875 49.875 49.875 49.875 49.875 49.875
  49.875 48.    47.875 47.875 47.875 47.875 48.25  48.375 48.625 48.875
  48.875 48.875 48.875 48.875 48.875 48.875 48.875 48.875 48.875]]"
6,1.0,1.0,7.0,40.0,42.0,1.0,4.710060894001799,4.988128634002351,2.0,[[24.40757032 77.7682759 ]],2.0,51.087923109645196,"[[63.125 54.125 54.125 54.125 54.125 54.125 54.125 54.125 54.125 54.125
  54.125 54.125 54.125 54.125 54.125 54.125 54.    54.    53.75  54.625
  54.875 55.    55.125 55.125 55.125 54.75  43.125 34.875 34.    34.
  34.    32.875 31.625 31.625 31.625 31.625 31.625 31.625 33.    38.625
  43.75  44.625 44.875 45.25  47.25  48.5   48.875 49.125 49.25  49.25
  50.5   51.25  51.25  51.25  51.25  51.25  51.25  51.25  51.25  51.25
  51.25  51.25  51.25  51.25  48.125 45.5   44.5   40.5   34.875 33.
  30.25  28.    28.    28.    28.    27.875 27.875 27.875 27.5   26.75
  26.    26.    26.    24.875 23.125 23.125 23.    23.    23.    23.
  23.    23.    25.375 27.375 27.625 27.75  27.875 27.875 28.25  29.25
  29.5   29.625 30.25  30.375 30.875 32.75  33.5   34.    36.5   36.625
  36.625 36.625 36.625 37.875 39.375 39.375 39.375 39.375 39.375 39.375
  39.375 39.375 39.375 39.375 39.375 39.375 39.375 39.5   39.5   39.5
  39.5   39.5  ]]"
7,1.0,1.0,8.0,47.0,32.0,0.0,6.290344519999053,4.61000924599648,0.0,[[30.14493265 49.77908835 74.39581427 84.79539788 90.30796956]],5.0,65.88464054283561,"[[20.75  20.75  20.75  20.75  20.75  20.75  20.75  20.75  20.75  20.75
  20.75  39.25  40.    40.75  41.25  42.25  49.125 49.125 49.125 49.125
  49.125 49.125 50.125 75.5   81.125 79.    60.5   43.    43.    43.
  43.    37.    34.625 28.875 28.25  27.875 27.625 27.625 27.625 27.625
  33.625 34.25  34.5   36.125 40.    42.5   43.5   44.    46.    48.875
  50.25  51.    56.    57.25  57.25  58.125 58.375 58.375 58.375 58.375
  58.375 58.375 58.375 58.375 58.375 58.375 58.375 58.375 58.375 58.375
  58.375 58.375 58.375 57.875 55.5   51.875 42.875 39.25  38.25  36.75
  34.75  33.75  33.75  33.75  33.75  33.75  33.75  33.75  33.75  36.25
  39.25  44.875 49.625 53.875 53.875 53.875 54.    54.375 54.375 54.375
  53.625 49.375 47.375 47.25  47.25  47.25  47.25  47.25 ]]"
8,1.0,1.0,9.0,44.0,20.0,0.0,3.632031408997136,4.040925050001533,0.0,[[ 6.3980425  14.70211107 62.83208572]],3.0,27.977413095167552,"[[88.875 88.875 88.875 88.875 88.875 88.875 88.875 88.875 88.875 88.875
  88.875 88.875 88.875 88.875 88.875 75.    39.125 30.75  30.125 30.125
  30.125 30.375 27.625 24.375 23.25  23.125 23.875 29.625 45.625 48.75
  48.875 49.5   51.75  55.    54.875 52.125 49.75  49.5   49.375 48.125
  47.    47.    46.75  46.625 46.5   46.375 46.    45.875 45.625 45.
  44.75  44.625 44.625 44.625 44.625 44.5   44.375 44.25  43.875 43.875
  43.875 43.875 43.875 43.875 43.875 43.875 43.875 43.875 43.875 43.875
  43.875 43.875 43.875 43.875]]"
9,1.0,1.0,10.0,41.0,40.0,1.0,6.617600484001741,3.3989280219975626,2.0,[[ 7.31911402 15.65255972 44.61766636 51.7046499  99.75838248]],5.0,43.810474496264945,"[[34.25  34.25  34.25  34.25  34.25  34.25  34.25  34.25  34.25  34.25
  34.25  34.25  34.25  34.25  34.25  34.25  34.25  34.25  34.25  34.25
  34.625 34.75  35.    36.    36.375 39.5   42.25  46.75  46.875 46.875
  46.875 46.875 46.875 46.875 46.875 46.875 46.875 46.875 46.875 46.875
  46.875 48.125 49.375 49.875 50.5   50.875 50.875 50.875 50.875 49.25
  47.875 47.75  47.75  47.75  47.625 47.625 47.625 47.625 47.5   47.5
  47.5   47.5   47.5   47.5   47.5   47.375 47.375 47.125 47.    47.
  46.875 46.875 46.625 46.    45.75  45.75  45.5   44.875 44.875 44.875
  44.875 44.875 44.875 44.875 44.875 44.875 44.875 44.875 44.875 44.875
  44.875 44.875 44.875 44.875 44.875 40.25  40.    40.    40.    40.
  40.    40.    40.125 40.375 40.5   40.625 41.    41.    41.    41.
  41.    41.   ]]"
10,1.0,1.0,11.0,39.0,46.0,1.0,7.4011158010034706,1.85819848599931,2.0,[[ 4.62011679 22.58102065 25.0515318  34.88028844 69.49344193]],5.0,31.32527992302598,"[[96.125 96.125 96.125 96.125 96.125 96.125 96.125 96.125 96.125 96.125
  96.125 96.125 96.125 91.125 72.625 60.375 39.75  22.625 13.75   7.375
   1.375  0.     0.     0.    20.5   50.875 54.875 60.25  62.5   64.375
  64.875 64.875 64.875 64.875 64.875 64.875 64.    61.75  58.375 57.
  57.    57.    57.    57.    57.    57.    56.625 56.375 55.625 55.375
  55.375 55.375 55.375 55.375 55.375 55.125 52.    49.625 46.625 45.875
  45.875 45.875 45.875 45.75  45.5   41.625 41.125 41.125 41.    41.
  39.75  39.625 39.625 39.625 39.625 39.625 39.625 39.625 39.75  40.125
  41.125 42.375 42.375 42.375 42.375 42.75  42.75  42.75  42.875 42.875
  42.875 42.875 42.875 42.875 42.875 42.875 42.875 42.375 42.    42.
  42.    42.    42.    42.    42.    42.    42.    42.    42.    41.625
  41.375 41.125 40.875 40.75  39.875 39.875 39.875 39.875 39.875 39.875
  39.875 39.875 39.875 39.875 39.625 38.875 38.875 38.875 38.875 38.875
  38.875]]"
11,1.0,1.0,12.0,55.0,42.0,1.0,5.3701928299997235,2.609949965000851,2.0,[[47.89626266 54.89763195 65.04596707 71.86230141 85.99155655 89.64586231]],6.0,69.22326365766007,"[[15.125 15.125 15.125 15.125 15.125 15.125 15.125 15.125 15.125 15.125
  16.5   21.625 22.5   25.25  26.5   30.    30.5   30.875 32.625 34.75
  37.125 37.375 38.5   38.5   38.5   38.5   38.5   38.625 38.875 41.5
  44.375 44.375 44.375 44.375 44.375 44.375 45.875 47.125 47.5   48.625
  49.25  49.25  49.5   49.5   49.5   49.5   49.5   49.5   49.5   49.875
  50.125 50.25  50.25  50.25  50.625 51.375 52.    52.    52.    52.
  52.    52.    52.    52.    53.    53.25  53.25  53.5   54.875 54.875
  54.875 54.5   54.5   54.5   54.5   54.5   54.875 54.875 54.875]]"
12,1.0,1.0,13.0,39.0,44.0,0.0,4.976402544998564,1.9579147449985612,0.0,[[27.82329165 34.53010264 89.59696101 96.01948534]],4.0,61.992460159494286,"[[17.    17.    17.    17.    17.    17.    17.    17.    17.    17.
  17.    17.    17.    13.25   8.875  8.875 20.25  52.875 69.625 70.875
  72.25  72.375 72.375 72.375 72.125 67.125 60.5   56.625 56.    52.875
  52.125 52.    50.875 50.75  50.75  50.5   50.    49.875 49.875 49.875
  49.875 49.875 49.875 49.875 49.875 49.875 49.875 49.875 49.875 49.875
  49.875 49.875 49.875 49.875 49.875 49.875 49.875 49.875 49.875 50.
  50.    50.    50.    49.25  39.375 38.125 37.875 37.375 34.5   34.125
  34.125 34.125 34.125 34.125 34.25  34.625 35.    35.375 35.75  36.
  36.25  36.25  36.25  36.375 38.875 39.    39.    39.    39.    39.
  39.    39.    39.    39.    39.   ]]"
13,1.0,1.0,14.0,48.0,52.0,1.0,3.4219323840006837,2.8636023240032955,1.0,[[ 0.40177922 32.47884005 68.94675392 74.7327474 ]],4.0,44.14003014768396,"[[73.    73.    73.    73.    73.    73.    72.875 72.875 72.875 72.875
  72.875 72.875 72.625 65.125 41.125 32.125 32.125 31.625 24.    20.5
  20.5   20.5   20.625 24.5   28.625 31.75  36.625 39.75  44.875 50.125
  50.25  51.75  52.5   55.875 57.25  57.25  57.25  57.25  57.25  57.25
  57.25  57.25  57.25  57.5   58.    58.    58.    58.    56.    51.
  50.    49.625 48.5   47.625 47.625 47.625 47.625 47.625 47.625 47.625
  47.625 47.625 47.625 47.625]]"
14,1.0,1.0,15.0,49.0,38.0,1.0,6.010803204997501,2.836648765995051,2.0,[[ 1.28253661 29.34277194 32.99955683 96.71623028]],4.0,40.0852739165572,"[[65.875 65.875 65.875 65.875 65.875 65.875 65.875 65.875 65.875 65.75
  65.25  44.25  32.25  28.875 25.    21.625 20.625 20.375 20.375 20.375
  20.375 20.625 25.75  28.    30.5   31.625 32.625 33.    33.375 36.375
  38.    38.25  39.875 40.25  41.25  43.5   44.    44.375 44.375 44.625
  44.875 44.875 44.875 44.875 44.875 45.25  45.25  45.25  45.25  45.25
  45.25  45.25  45.25  45.375 45.5   46.    46.5   46.625 46.75  47.5
  48.    48.    48.    48.    48.25  49.125 49.125 49.25  49.25  49.25
  49.25  49.25  49.25  49.25  49.25  49.25  49.25  49.25  49.125 49.
  49.    48.875 48.75  48.625 48.5   48.5   48.5   48.5   48.625 49.375
  50.625 52.625 53.25  56.5   56.75  56.75  56.75  56.75  56.75  56.375
  53.125 50.375 50.375 50.125 49.5   49.125 49.125 49.125 49.125 49.125
  49.125 49.125]]"
15,1.0,1.0,16.0,37.0,30.0,1.0,3.7262591350008734,1.835394361994986,3.0,[[ 7.02845571 14.50099222 24.90322861 34.61842977 55.33428717]],5.0,27.277078693132136,"[[39.375 39.375 39.375 39.375 39.375 39.375 39.375 39.375 39.375 39.375
  39.375 39.375 39.375 39.375 39.375 39.375 39.25  37.625 37.5   32.375
  28.75  28.75  28.75  28.625 30.5   37.25  38.375 39.875 41.875 47.125
  48.75  49.    49.75  50.    50.    50.    50.    50.    50.    48.25
  41.5   40.5   39.375 36.125 36.125 36.125 36.125 36.125 36.125 36.25
  36.375 36.625 36.875 37.25  37.25  37.25  37.25  37.25  37.25 ]]"
16,1.0,1.0,17.0,44.0,46.0,1.0,4.264651381003205,1.4347718210046878,2.0,[[13.6655971  23.01813483 30.62572775 38.90532707 46.50924615 83.06451715]],6.0,39.298091675326674,"[[81.375 81.375 81.375 81.375 81.375 81.375 81.375 81.375 80.875 80.75
  79.125 74.875 67.125 55.75  40.375 24.875 24.625 24.625 24.625 24.625
  24.5   24.5   24.75  32.625 43.125 44.25  47.    55.    57.    57.25
  57.25  57.25  57.25  55.75  52.375 50.875 47.25  42.5   37.25  35.
  35.    35.    37.    37.25  38.375 40.125 41.75  41.75  41.875 41.875
  43.    43.625 43.625 43.625 43.625 43.625 43.625 43.625 43.625 43.625
  43.625]]"
17,1.0,1.0,18.0,46.0,54.0,1.0,4.30797203900147,1.7313909030053765,1.0,[[10.52753453 21.46466875 33.62277652 67.5410899  88.89382573 91.06583336]],6.0,52.185954798085255,"[[32.5   32.5   32.5   32.5   32.5   32.5   32.5   32.375 32.375 32.125
  32.    31.5   31.    29.25  27.    26.375 26.375 26.375 27.375 27.75
  29.625 31.75  32.5   36.25  36.5   37.75  38.875 39.125 39.25  39.875
  42.25  42.375 42.375 42.625 42.75  43.625 46.    55.    55.875 55.875
  55.875 55.875 55.875 55.875 55.875 51.375 50.25  50.    49.375 49.
  49.    49.    48.625 48.375 47.625 46.5   46.125 46.125 46.125 46.125
  46.125]]"
18,1.0,1.0,19.0,40.0,48.0,1.0,6.734321750001982,4.214818321997882,1.0,[[ 5.82731418 27.25778839 32.70893369 33.5844794  60.07426522]],5.0,31.89055617407457,"[[55.375 55.375 55.375 55.375 55.375 55.375 55.375 55.375 55.375 55.375
  55.375 55.375 55.375 55.375 55.375 55.125 39.25  35.875 32.875 26.875
  23.75  23.125 23.125 23.125 24.125 32.125 33.375 33.375 33.5   33.625
  33.75  34.125 37.    38.625 38.875 38.875 39.    39.25  39.625 40.
  40.    40.125 40.125 40.375 40.375 40.75  41.    41.375 41.625 41.75
  41.875 42.375 42.375 42.375 42.5   42.625 43.125 43.625 43.75  43.875
  44.25  44.75  45.    45.125 45.25  45.375 46.25  46.5   46.5   46.5
  46.625 46.625 46.75  46.875 47.125 47.75  48.25  49.125 50.75  51.25
  51.25  51.25  51.25  51.25  51.25  51.125 44.625 42.5   41.625 41.25
  38.    37.75  37.75  37.75  37.75  37.875 38.375 38.75  40.25  40.25
  40.25  40.25  40.25  40.25  40.25  40.25  40.25  40.25 ]]"
19,1.0,1.0,20.0,34.0,52.0,1.0,5.240844157000538,1.7535290100058774,1.0,[[19.02339798 24.95184914 47.74548132 67.48079548 82.88094692 97.23910458]],6.0,56.55359590197195,"[[68.25  68.25  68.25  68.25  68.25  68.25  68.25  68.25  68.125 68.125
  66.375 62.    51.125 46.25  29.25  26.25  22.375 18.25  14.375 14.375
  14.375 14.375 19.375 19.75  27.25  30.125 33.625 36.5   38.375 41.375
  42.5   43.25  45.25  46.25  46.75  47.    47.5   47.625 47.75  47.75
  47.75  47.875 47.875 47.875 47.875 47.875 49.875 52.5   52.5   52.5
  52.5   52.5   52.5   50.875 50.    49.875 49.5   49.5   49.375 49.375
  49.25  47.25  47.    47.    47.    47.    47.    47.    47.    46.75
  37.125 34.    34.    34.   ]]"
20,1.0,1.0,21.0,36.0,40.0,1.0,4.935439193002821,1.4891863559969352,2.0,[[28.97395005 48.6746172  50.94264798]],3.0,42.86373841180972,"[[98.25  98.25  98.25  98.25  98.25  98.25  98.25  98.25  98.25  98.25
  98.25  98.25  98.25  98.25  98.25  90.875 64.375 53.375 44.75  21.375
  14.5   14.25  14.25  14.25  14.25  15.875 20.    21.    21.    21.125
  21.875 21.875 22.125 22.25  25.125 32.375 35.375 35.5   36.5   38.875
  39.875 39.875 40.    40.    40.125 40.25  40.25  40.75  42.    44.75
  46.    46.    46.    46.    46.    46.    46.    46.    46.    46.
  44.75  43.625 43.    42.5   42.25  41.625 41.5   41.375 41.25  41.
  40.75  40.375 40.125 39.875 39.625 39.    38.625 38.625 38.625 38.625
  38.625 38.625 38.625 38.5   37.375 36.25  36.25  36.25  36.25  36.25
  36.25  36.25  36.25 ]]"
21,1.0,1.0,22.0,46.0,32.0,1.0,4.106930094996642,1.9733916420009336,3.0,[[29.33492037 31.22330049 36.09313254 72.60980105 75.66397918 78.41810138]],6.0,53.890539167920984,"[[91.    91.    91.    91.    91.    91.    91.    91.    91.    91.
  90.875 89.625 44.625 38.375 30.625 23.    16.125 15.75  15.625 15.5
  15.5   15.5   15.875 23.5   26.75  28.625 34.25  43.5   44.375 44.5
  46.    47.625 48.375 48.625 49.25  49.25  49.5   49.875 50.125 50.125
  50.5   50.625 50.75  50.75  50.75  50.75  50.75  50.75  50.75  49.75
  48.25  47.25  46.    45.75  45.75  45.75  45.75  45.75  45.75 ]]"
22,1.0,1.0,23.0,31.0,26.0,1.0,4.011401616997318,1.807673925999552,4.0,[[ 5.99681076 63.31583795]],2.0,34.65632435642878,"[[69.    69.    69.    69.    69.    69.    69.    69.    69.    69.
  69.    69.    69.    69.    69.    69.    68.75  68.625 59.5   52.25
  50.25  49.75  49.375 47.625 44.    41.625 41.5   41.5   41.5   41.5
  41.5   41.5   41.5   46.125 46.375 46.375 46.375 46.5   46.625 46.75
  46.875 46.875 46.875 46.875 46.875 46.875 46.875 46.875 46.875 46.875
  46.875 46.875 46.875 47.    47.125 47.125 47.25  47.25  47.5   47.5
  47.5   47.5   47.5   47.5   47.5   47.625 47.625 47.75  47.75  47.75
  47.75  47.75  45.875 42.375 41.875 41.375 41.    39.25  33.375 31.
  30.25  30.125 30.125 30.125 30.125 30.125 30.125 30.125 30.125 30.25
  30.375 30.375 30.625 30.75  30.75  30.75  30.75  30.75  30.75  30.75
  30.875 30.875 30.875 30.875 30.875 30.875 30.875 30.875 30.875 30.875]]"
23,1.0,1.0,24.0,39.0,32.0,1.0,6.328414648996841,4.314015093004855,3.0,[[ 2.99224935 14.70939888 29.96077129 92.52908082]],4.0,35.04787508490619,"[[43.    43.    43.    43.    43.    43.    43.    43.    43.    43.
  43.    43.    42.875 42.5   41.75  40.75  39.125 36.75  34.375 33.625
  33.375 33.125 32.375 31.25  31.125 31.    31.    30.875 30.875 30.875
  30.875 30.875 30.75  28.    18.25  16.125 16.    16.    16.    16.
  16.    17.375 22.375 27.125 28.75  30.625 35.875 37.625 37.875 38.125
  39.125 39.75  39.875 39.875 40.    40.    40.25  40.5   40.75  40.75
  40.875 40.875 40.875 40.875 41.    41.    41.    41.    41.25  41.25
  41.375 41.375 41.875 42.    42.    42.    42.    42.    42.    42.
  42.    42.    42.    42.    41.625 41.375 41.375 41.375 41.375 41.375
  41.    41.    41.    41.    41.    41.    41.    41.    41.    41.
  41.    41.    41.    41.    41.    41.    41.    41.    40.25  39.75
  39.5   38.875 38.75  38.75  38.75  38.75  38.75 ]]"
24,1.0,1.0,25.0,72.0,14.0,0.0,4.477235095997457,3.795155933999922,0.0,[[94.85286808 97.94076856]],2.0,96.39681832112731,"[[73.25  73.25  73.25  73.25  73.25  73.25  73.25  73.25  73.25  73.25
  73.25  73.25  73.25  73.25  73.25  73.25  73.25  73.25  73.25  73.25
  73.25  73.25  72.5   54.375 24.25  14.75  14.625 14.625 14.625 14.625
  14.5   14.5   14.5   18.25  20.    22.375 22.375 22.375 22.875 24.875
  27.375 28.25  29.25  32.5   36.5   39.875 40.75  41.25  41.75  43.875
  45.625 47.25  47.5   47.75  47.875 48.    48.625 49.    50.75  51.75
  51.75  51.75  52.375 56.25  62.625 67.375 67.375 67.375 67.375 67.375
  65.875 61.375 60.5   60.375 60.125 60.125 60.125 60.125 60.125 60.125
  60.125 60.125 60.125 60.125 60.125 60.125 60.125 60.125 60.125 60.125
  61.25  63.875 63.875 64.    64.125 64.25  64.5   64.625 64.75  64.75
  65.125 65.125 65.75  68.    71.375 71.625 71.625 71.625 71.625 71.625
  71.625 71.625 71.625 71.625 71.625 71.625 71.625 71.625 71.625 71.625
  71.625]]"
25,1.0,1.0,26.0,35.0,46.0,1.0,5.418710403006116,4.102829793999263,2.0,[[28.23345089 61.25088624 81.25984502]],3.0,56.91472738507147,"[[59.875 70.625 70.625 70.625 70.625 70.625 70.625 70.625 70.5   70.5
  65.    60.5   60.25  57.5   53.375 49.625 48.375 48.25  48.125 47.875
  47.875 47.    42.375 41.5   40.375 39.5   39.375 39.375 39.875 42.25
  43.5   43.5   43.5   43.5   43.375 43.375 43.375 51.25  61.125 61.25
  61.25  61.25  61.25  61.25  61.25  61.25  46.25  43.25  43.    43.
  43.    43.    42.75  42.875 43.375 43.375 43.375 43.375 43.5   43.875
  44.    44.125 44.25  44.875 45.5   46.125 46.125 46.125 46.125 46.125
  46.125 46.125 46.125 46.125 46.125 46.125 46.125 46.125 46.125 46.125
  46.125 46.125 46.125 46.125 46.125 46.125 46.125 46.125 46.125 46.125
  46.125 46.125 46.125 46.125 44.5   35.875 35.5   35.25  35.25  35.25
  35.25  35.25 ]]"
26,1.0,1.0,27.0,69.0,28.0,1.0,5.211810512999364,2.00540226999874,4.0,[[70.67323755 81.4945076  87.81980206 90.71897174]],4.0,82.67662974004992,"[[82.    82.    82.    82.    82.    82.    82.    81.875 81.875 81.75
  81.75  81.75  81.375 80.5   78.625 72.625 59.625 53.5   51.625 46.25
  32.875 26.625 26.25  25.875 25.875 25.875 25.75  26.625 29.875 32.125
  32.25  35.    37.    39.75  41.    41.    41.25  41.75  42.5   44.
  45.25  45.625 46.75  47.125 47.625 48.25  48.5   49.125 49.25  49.625
  50.    50.25  50.375 50.75  51.    51.    51.    51.125 51.125 51.125
  51.125 51.125 51.875 54.    55.625 55.875 56.    56.25  56.25  56.25
  56.25  56.25  56.25  56.25  56.25  56.375 56.75  57.125 58.875 59.375
  60.75  62.375 62.75  69.75  70.25  70.25  70.25  70.25  69.75  69.25
  69.25  68.875 68.875 68.875 68.875 68.875]]"
27,1.0,1.0,28.0,47.0,74.0,1.0,5.058888569001283,3.909331700997427,0.0,[[30.03118733 37.92127053 63.47488619 71.03423504 92.00972058 95.74363689]],6.0,65.03582275991633,"[[58.625 58.625 58.625 58.625 58.625 58.625 58.625 58.625 58.625 48.5
  27.625 27.125 24.25  19.25  19.125 20.    40.625 44.125 46.75  51.75
  58.    58.125 58.125 58.125 58.625 60.25  60.875 60.875 60.875 60.875
  60.875 61.    61.375 61.375 61.375 61.375 61.375 57.625 57.625 57.5
  57.25  45.75  45.375 45.375 45.375 45.375 45.375 45.375 49.75  49.875
  50.125 50.625 51.625 51.625 51.625 51.625 51.625 51.625 51.75  51.75
  51.75  51.75  51.75  47.75  46.625 46.625 46.625 46.625 46.625 46.625]]"
28,1.0,1.0,29.0,40.0,38.0,1.0,4.634643065001001,1.4601466120002442,2.0,[[ 1.24735768 45.22833954 67.30375322]],3.0,37.92648347857321,"[[ 8.625  8.625  8.625  8.625  8.625  8.625  8.5    8.5    8.5    8.5
   8.25   8.25   8.25   8.25   8.25   8.25   8.25   7.75   4.125  4.125
   4.125  9.625 19.5   29.375 32.5   32.875 33.125 34.5   45.75  68.625
  79.625 79.625 78.75  78.125 76.125 72.375 68.375 67.    66.375 65.25
  64.125 63.    62.5   61.375 59.25  58.125 56.875 53.25  50.75  50.125
  48.75  45.    41.25  41.25  41.25  41.25  41.25  41.25  41.25  41.25
  41.25  41.25  41.25  41.25  41.25  41.25  41.25  41.25  41.25  41.25
  41.25  41.25  41.25  41.25  41.25  41.25  41.25  41.25  41.25  41.25
  40.875 40.125 40.125 40.125 40.125 40.125 40.125]]"
29,1.0,1.0,30.0,64.0,24.0,1.0,7.09840515399992,4.912776566998218,5.0,[[13.71733654 50.48979643 57.99296908 98.5696691 ]],4.0,55.19244278778071,"[[46.125 46.125 46.125 46.125 46.125 46.125 46.125 46.125 46.125 46.125
  46.125 46.125 46.    45.625 44.875 35.75  30.    29.5   28.875 28.125
  27.625 27.5   27.5   27.375 30.375 35.625 39.625 42.5   43.375 44.25
  46.125 46.375 46.375 46.5   46.5   46.625 47.25  47.875 48.125 48.375
  49.25  49.5   49.5   49.5   49.5   49.5   49.5   49.5   49.625 49.625
  49.75  50.    50.    50.375 50.5   50.75  50.875 51.125 51.25  51.375
  51.75  51.875 52.    52.    52.25  52.25  52.5   52.625 52.625 52.625
  52.625 53.25  53.625 53.875 53.875 54.    54.125 54.25  54.375 54.375
  54.375 54.375 55.25  55.75  57.25  58.    58.    58.    58.    58.
  58.    58.    58.    58.    58.    58.    58.    58.    58.75  58.875
  58.875 58.875 58.875 58.875 58.875 59.25  59.75  60.25  60.25  60.25
  60.25  60.375 60.625 62.125 63.25  64.5   64.5   64.5   64.5   64.5
  64.5   64.5   64.5   64.5   64.5   64.5   64.5   64.5  ]]"
30,1.0,1.0,31.0,49.0,26.0,1.0,3.5899073309992673,2.045377736001683,4.0,[[50.48857678 57.32477259]],2.0,53.90667468925301,"[[16.5   16.5   16.5   16.5   16.5   16.5   16.5   16.5   16.5   16.5
  16.5   16.5   16.5   16.5   16.5   16.5   16.5   16.5   16.5   16.5
  16.5   16.5   16.5   16.625 24.75  44.25  46.875 46.875 46.875 48.375
  49.375 49.625 49.625 49.625 49.625 49.625 49.625 49.125 42.125 41.5
  41.375 41.375 41.25  41.125 41.125 41.125 41.125 41.125 41.125 41.375
  41.75  42.125 42.625 42.875 43.25  44.25  45.    45.    45.    45.
  46.125 52.75  54.    54.    53.5   52.625 52.5   52.5   52.25  51.625
  50.5   50.    49.75  49.625 49.5   49.5   49.5   49.5   49.375 49.375
  49.375 49.375 49.375 49.375 49.375 49.375 49.375 49.375 49.375 49.375
  49.375 49.375 49.375 49.375]]"
31,1.0,1.0,32.0,24.0,30.0,1.0,4.678721755000879,1.2877079800018691,3.0,[[ 6.23438689 52.28370825]],2.0,29.259047573091134,"[[65.75  65.75  65.75  65.75  65.75  65.75  65.75  65.75  65.75  65.75
  65.75  65.75  65.75  65.75  65.75  65.75  65.75  65.75  65.75  65.75
  65.75  65.75  65.75  65.75  65.75  65.75  65.75  65.75  65.75  65.75
  65.75  62.75  39.875 34.375 34.375 34.375 34.375 33.875 33.75  33.625
  33.625 33.375 33.375 33.375 34.25  35.5   36.625 37.375 41.25  41.625
  41.625 41.625 41.625 41.625 41.75  42.625 43.125 43.25  43.625 43.875
  44.25  44.5   45.25  46.    46.5   46.75  46.75  47.    47.25  47.875
  48.25  48.25  48.5   48.625 49.    49.125 49.375 49.375 49.375 49.375
  49.375 49.375 49.375 43.375 32.5   28.875 28.75  28.5   28.125 27.875
  27.75  27.625 27.5   28.875 30.625 30.875 31.    31.125 31.25  31.375
  31.375 31.375 31.375 31.375 31.375 31.375 31.25  29.75  29.25  29.
  29.    29.    28.625 28.    26.625 23.875 23.875 23.875 23.875 23.875
  23.875 23.875]]"
32,1.0,1.0,33.0,43.0,22.0,1.0,4.542208856997604,2.3241438679979183,5.0,[[ 6.82715509 22.40776243 47.1851654  81.08402259]],4.0,39.37602637817659,"[[88.25  88.25  88.25  88.25  88.25  88.125 88.125 88.125 88.125 88.125
  88.125 88.125 88.125 88.125 88.125 88.125 88.125 88.125 88.125 88.125
  88.125 88.125 88.125 88.125 88.125 60.75  56.75  56.625 55.875 51.5
  49.125 48.875 48.75  48.625 48.5   48.25  48.25  48.    46.    42.
  41.375 41.375 41.375 41.375 41.375 41.375 41.375 42.375 45.25  46.625
  48.375 48.625 48.75  48.75  48.75  48.75  48.75  48.75  48.75  48.75
  48.75  48.75  48.75  48.75  48.75  48.75  48.75  48.75  48.375 46.375
  44.875 43.875 43.25  43.125 43.    43.    43.    43.    43.    43.
  43.    43.    43.   ]]"
33,1.0,1.0,34.0,42.0,26.0,1.0,4.333949333995406,4.918046400001913,4.0,[[ 0.31173801 19.27530863 60.5740214  72.94379907 83.44183073]],5.0,47.309339568244525,"[[36.875 36.875 36.875 36.875 36.875 36.875 36.875 36.875 36.875 36.875
  36.875 30.5   25.625 22.125 21.25  20.375 18.875 18.75  18.75  26.75
  28.875 33.375 35.625 35.75  35.875 36.125 36.125 38.    38.375 40.125
  40.75  43.5   44.125 46.625 47.25  47.5   47.625 47.625 47.625 47.625
  47.5   46.875 46.5   46.    45.75  45.625 45.625 45.625 45.625 45.625
  45.375 43.25  42.625 42.5   42.375 42.375 42.25  42.25  42.25  42.25
  42.25 ]]"
34,1.0,1.0,35.0,56.0,24.0,1.0,3.1146534189974773,3.298870100006752,5.0,[[48.66422384 56.0838844  90.91979413]],3.0,65.22263412488428,"[[51.    51.    51.    51.    51.    51.    51.    51.    51.    51.
  51.    50.75  50.75  50.75  50.75  50.5   49.25  42.625 40.125 35.125
  26.875 25.75  25.625 25.625 25.625 25.625 25.625 30.    33.375 35.875
  40.875 47.    51.125 51.25  54.375 56.625 58.875 58.875 58.875 58.875
  58.875 58.75  58.125 57.75  57.25  57.    56.75  56.75  56.5   56.5
  56.5   56.5   56.5   56.5   56.5   56.5   56.5   56.5   56.5  ]]"
35,1.0,1.0,36.0,55.0,18.0,1.0,4.439126006996958,3.1355139179941034,6.0,[[ 8.54273103 42.36156842 57.39348464 96.21534471]],4.0,51.12828219872303,"[[42.875 42.875 42.875 42.875 42.875 42.875 42.875 42.875 42.875 42.875
  42.875 42.875 37.875 29.125 28.75  24.25  23.375 23.375 23.5   38.5
  40.5   43.75  49.125 49.75  49.75  50.75  53.5   53.75  53.75  53.75
  51.375 50.5   50.125 50.125 50.    50.    49.875 49.875 49.875 49.875
  50.75  51.375 51.625 51.75  52.875 53.25  53.25  53.25  53.625 53.875
  53.875 53.875 53.875 54.    54.125 54.125 54.125 54.375 54.625 54.625
  54.625 54.625 54.625 54.625]]"
36,1.0,1.0,37.0,51.0,46.0,1.0,4.8028910950015415,1.8862480000025243,2.0,[[ 2.03774072 10.74810498 53.86809412 89.82590147 97.98856179]],5.0,50.89368061525376,"[[97.25  97.25  97.25  97.25  97.25  97.25  97.25  97.125 97.125 86.625
  73.    54.25  40.375 25.25  23.25  21.125 20.5   20.375 25.5   35.5
  36.125 47.75  56.125 56.125 56.125 56.125 56.125 56.125 56.125 56.25
  56.25  56.25  56.25  56.25  56.25  56.25  56.25  56.    56.    57.
  57.375 57.375 62.25  62.875 62.875 57.5   56.375 56.125 50.625 49.375
  49.375 49.375 49.375 49.375 50.25  50.75  50.875 50.875 50.875 50.875
  50.875 50.875]]"
37,1.0,1.0,38.0,72.0,40.0,1.0,5.375793195002188,4.325491447001696,2.0,[[37.87536736 79.79550529 89.35102514]],3.0,69.00729926419133,"[[22.875 22.875 22.875 22.875 22.875 22.875 22.875 22.875 22.875 22.875
  22.875 22.875 22.875 22.875 22.625 19.625 16.75  14.375 14.    14.
  14.    18.875 39.125 40.25  40.25  40.25  40.25  40.25  40.25  40.25
  40.25  40.25  40.25  40.25  40.25  39.75  39.625 39.625 39.5   38.875
  38.5   38.5   38.5   38.5   38.375 38.375 38.375 38.375 40.125 40.25
  40.25  40.5   44.125 45.75  46.875 47.625 48.75  49.125 49.375 49.625
  49.625 49.875 49.875 52.    54.25  55.5   55.5   56.25  59.5   59.5
  59.5   59.5   59.5   60.625 60.625 60.625 60.625 61.25  61.5   62.
  62.25  65.125 65.375 67.625 67.875 67.875 67.875 67.875 67.875 67.875
  68.    68.5   70.    72.25  72.25  72.25  72.25  72.25 ]]"
38,1.0,1.0,39.0,59.0,54.0,1.0,5.819304780001403,2.004588044997945,1.0,[[55.15622306 56.66950561 68.28370626 79.09880371 97.48210668]],5.0,71.33806906289867,"[[88.25  88.25  88.25  88.25  88.25  88.25  88.25  88.25  88.25  88.25
  15.    14.5   14.25   5.625  0.     0.     0.    29.75  35.5   39.875
  51.75  54.75  54.75  56.125 59.125 59.375 59.375 59.375 59.375 59.375
  59.375 59.375 59.375 59.375 59.375 59.375 59.375 59.375 59.375 59.375
  59.375 58.875 41.75  41.375 41.25  41.25  41.25  41.25  41.25  42.125
  53.5   56.125 61.75  61.875 76.5   76.625 69.875 66.75  66.375 65.625
  65.375 65.375 65.375 65.125 60.25  58.375 58.25  58.25  58.25  58.375
  58.75  58.75  58.75  58.75 ]]"
39,1.0,1.0,40.0,58.0,42.0,1.0,5.192905812997196,3.2868371730000945,2.0,[[ 4.24651022 51.44620336 63.35445657 66.90410294 75.84562591 97.39334686]],6.0,59.8650409750034,"[[71.375 71.375 71.375 71.375 71.375 71.25  71.125 71.125 71.125 71.125
  71.125 70.875 70.125 63.125 62.125 50.125 47.25  40.625 35.875 34.875
  31.75  30.75  29.375 28.375 28.375 28.375 28.375 28.375 28.375 28.375
  28.375 28.375 28.375 30.875 33.375 34.    36.5   37.25  42.25  46.5
  47.625 49.5   51.25  51.375 51.375 51.375 51.375 51.5   52.625 52.625
  52.625 54.875 56.25  56.25  56.25  56.25  58.    58.    58.125 58.125
  58.125 58.125 58.125 58.125 58.125]]"
40,1.0,1.0,41.0,50.0,18.0,1.0,4.423175322001043,2.2199743449964444,6.0,[[ 6.31246571 57.12137818 63.90075765]],3.0,42.44486717939955,"[[11.75  11.75  11.75  11.75  11.75  11.75  11.75  11.75  11.75  11.75
  11.75  11.75  11.625 11.375 10.625 10.5   10.5   11.125 15.75  16.875
  17.125 18.    18.25  22.625 24.875 27.5   28.375 28.75  29.25  30.125
  30.5   30.75  31.125 32.    38.875 43.75  43.75  43.75  43.75  43.75
  43.75  43.75  43.75  43.75  44.125 46.    46.5   46.5   46.625 46.625
  46.625 46.625 46.625 46.625 47.375 52.5   57.5   53.    47.875 47.875
  47.625 47.125 45.5   45.5   45.5   45.5   45.875 48.375 49.375 49.625
  49.625 49.625 49.625 49.625 49.625 49.625 49.625 49.625 49.625 49.625]]"
41,1.0,1.0,42.0,46.0,32.0,1.0,5.120579970993276,2.842110361001687,3.0,[[26.43528367 58.79800419 69.13212622]],3.0,51.455138025655515,"[[27.125 27.125 27.125 27.125 27.125 27.125 27.    27.    27.    27.
  27.    26.75  24.25  13.625  9.875  9.75   9.75   9.75   9.625 17.125
  26.875 28.5   30.625 32.375 36.125 36.375 36.625 36.625 36.625 36.625
  36.625 36.25  35.75  35.625 35.5   35.375 35.25  35.25  35.25  35.25
  35.    35.    35.    35.    35.    35.    35.    35.    34.875 34.875
  34.875 34.875 34.875 34.875 34.875 34.875 34.875 34.875 34.875 34.875
  34.875 34.875 34.875 37.5   38.25  38.875 39.5   39.875 39.875 39.875
  39.875 40.25  48.25  51.125 51.125 51.125 51.125 51.125 51.125 48.25
  46.    45.75  45.625 45.625 45.75  45.75  45.75  45.75  45.75  45.75
  45.75  45.75  45.75  45.75  45.75 ]]"
42,1.0,1.0,43.0,58.0,22.0,0.0,5.0515560769999865,4.3662064430027385,0.0,[[67.11384544 69.28719973 82.69954119 98.03202281]],4.0,79.28315229206844,"[[93.25  93.25  93.25  93.25  93.25  93.25  93.25  93.25  93.125 92.75
  89.75  86.5   84.375 81.75  77.875 73.125 61.    54.    52.125 49.875
  46.875 46.75  46.75  46.75  46.75  46.75  46.75  46.75  38.625 34.875
  34.75  34.625 34.625 34.625 34.625 34.625 34.625 34.875 37.25  37.875
  37.875 37.875 37.875 34.75  34.25  34.    32.25  29.125 29.    28.875
  28.25  28.25  28.25  28.25  36.25  56.375 61.125 61.25  61.625 63.
  63.875 63.875 63.875 63.875 63.75  63.25  58.5   58.    57.75  57.625
  57.625 57.5   57.5   57.5   57.5   57.5   57.5   57.5   57.5   57.5
  57.5   57.5   57.5   57.5   57.5   57.5   57.5  ]]"
43,1.0,1.0,44.0,60.0,20.0,1.0,6.248512780002784,2.1245906539988937,6.0,[[18.7797341  90.76478475]],2.0,54.77225942881093,"[[40.625 40.625 40.625 40.625 40.625 40.625 40.625 40.625 40.625 40.625
  40.625 40.625 40.625 40.625 40.625 40.625 40.625 40.625 40.625 40.625
  40.625 40.625 40.625 40.625 40.375 40.375 40.375 40.375 40.375 40.375
  40.375 40.375 40.375 40.375 40.375 40.375 40.375 40.375 40.375 40.375
  40.375 40.375 40.375 40.375 40.375 40.375 40.375 40.375 40.375 40.875
  45.375 48.375 49.75  55.875 56.375 56.375 56.375 56.375 56.375 56.375
  56.375 56.375 56.375 56.375 56.375 56.375 56.375 56.375 57.625 58.875
  59.375 59.375 59.375 59.375 59.375 59.375 59.625 60.625 60.625 60.625
  60.625 60.625 60.625 60.625 60.625 60.625 60.625 60.625 60.625 60.625
  62.25  62.375 62.375 62.375 62.375 62.375 62.375 62.375 62.375 62.375
  62.375 62.375 62.375 62.375 59.5   53.5   49.25  44.75  44.375 44.375
  44.125 44.125 44.125 44.125 44.125 44.125 44.125 44.125 44.125 44.125
  44.125 44.125 44.125 44.125 44.125 44.125 44.125 44.125 44.625 48.125
  51.125 51.25  51.25  51.25  51.25  51.25  51.25  51.25  51.25  51.25
  52.375 58.    60.375 60.5   60.5   60.5   60.5   60.5   60.5   60.5
  60.5   60.5   60.5  ]]"
44,1.0,1.0,45.0,54.0,28.0,1.0,4.713023041003908,2.8208151229991927,4.0,[[ 2.73321646 33.26347488 45.73622202 57.76583984 70.42858477 71.26173749]],6.0,46.86484591065412,"[[ 5.625  5.625  5.625  5.625  5.625  5.625  5.625  5.625  5.625  5.625
   5.625  5.375  5.     4.125  4.     4.     4.     4.     4.     4.
   4.     4.     4.     4.375  5.875  6.125  6.375  7.     8.125 10.5
  13.25  14.75  19.5   21.625 23.25  23.375 23.375 23.375 23.375 23.375
  23.375 23.375 27.125 30.625 31.875 37.375 49.25  49.25  49.25  49.25
  49.5   53.625 54.375 54.375 54.375 54.375 54.375 54.375 54.375 54.375]]"
45,1.0,1.0,46.0,45.0,24.0,1.0,2.5883303539958433,2.360966448999534,5.0,[[42.74829864 65.94202302]],2.0,54.34516082652168,"[[55.125 55.125 55.125 55.125 55.125 55.125 55.125 55.125 55.125 55.125
  55.125 55.125 55.125 55.125 55.125 55.125 55.125 55.125 55.125 55.125
  55.125 55.125 55.125 55.125 55.125 48.625 42.    41.625 41.625 41.625
  41.625 41.5   41.5   41.5   41.5   41.375 41.375 41.375 41.375 41.375
  41.375 41.5   41.75  42.125 42.25  42.25  42.75  43.125 43.25  43.25
  44.375 44.75  44.75  44.75  44.75  44.75  44.75  44.75  44.75  44.75
  44.75  44.75  44.75 ]]"
46,1.0,1.0,47.0,50.0,22.0,0.0,6.871401199998218,1.8504517789988313,0.0,[[ 0.44480484  2.18586088 51.62702464 88.56014235]],4.0,35.704458176158795,"[[44.25  44.25  44.25  44.25  44.25  44.25  44.25  44.25  44.25  44.25
  44.25  44.25  44.25  44.25  44.25  44.25  44.125 44.    28.875 28.125
  27.875 25.875 24.125 24.125 24.125 24.125 24.125 24.    24.    23.875
  29.625 30.75  31.75  33.25  35.    35.625 36.125 38.    38.875 41.125
  42.    43.75  44.5   45.75  46.25  46.25  46.625 46.875 47.25  47.375
  47.5   47.5   47.5   47.5   47.5   48.125 48.75  49.75  50.75  50.75
  50.75  50.75  50.875 50.875 50.875 50.875 50.875 51.    51.    51.
  51.    51.    51.    51.    46.875 46.125 46.    46.    46.    46.
  46.    46.    46.    46.    47.875 48.25  48.25  48.25  48.25  48.25
  48.25  48.25  48.25  48.25  48.375 48.5   48.5   48.5   48.5   48.5
  48.5   48.875 50.    50.125 50.125 50.125 50.125 50.125 50.125 50.125
  50.125 50.125 50.125 50.125 50.125]]"
47,1.0,1.0,48.0,54.0,40.0,1.0,4.242055967995839,2.008420999998634,2.0,[[ 6.42199677 22.67298203 27.62463765 73.33349289 79.91327239 82.90879346]],6.0,48.812529198136566,"[[84.75  84.75  84.75  84.75  84.75  84.75  84.75  84.75  84.75  84.75
  84.75  84.75  83.625 73.875 73.875 73.875 73.875 73.75  73.75  73.75
  73.75  73.75  73.125 49.75  47.    37.25  31.875 31.625 31.625 31.625
  31.625 42.    45.875 50.375 53.25  56.125 56.5   56.625 57.25  58.25
  58.25  58.25  58.25  58.25  58.25  56.875 55.25  54.875 54.5   54.375
  54.375 54.375 54.375 54.375 54.375]]"
48,1.0,1.0,49.0,49.0,28.0,1.0,5.228644769995299,2.725413177999144,4.0,[[ 7.70430428 36.18068507 43.45078376 69.66684531]],4.0,39.25065460440251,"[[23.    23.    23.    23.    23.    23.    23.    23.    23.    23.
  23.    23.    23.    20.5   17.625 15.625 14.5   14.5   14.5   14.5
  14.5   14.5   14.5   14.5   17.625 19.5   20.875 21.75  26.5   27.375
  28.75  29.    29.125 29.25  29.875 31.5   41.125 41.5   41.5   41.5
  50.5   53.    53.125 53.125 53.125 53.125 53.125 53.125 53.125 53.125
  53.125 53.125 53.125 53.125 53.125 53.125 53.125 53.125 53.375 53.625
  53.625 53.625 53.625 53.625 53.625 53.625 53.625 53.625 51.75  50.375
  50.25  50.125 50.125 49.875 49.625 49.    48.875 48.875 48.875 48.875
  48.875 48.875 48.875 48.875 48.875]]"
49,1.0,1.0,50.0,57.0,26.0,1.0,4.996667617997446,1.8485276300052647,4.0,[[18.17601476 96.7545234 ]],2.0,57.46526907894151,"[[16.25  16.25  16.25  16.25  16.25  16.25  16.25  16.25  16.25  16.25
  16.125 16.125 16.125 16.125 16.125 16.125 16.125 16.125 16.125 16.125
  16.125 16.125 16.5   18.625 22.5   46.625 57.25  57.25  57.25  57.25
  57.25  57.25  57.25  57.25  57.25  57.25  57.125 56.875 56.625 56.375
  56.    56.    55.625 55.5   55.125 54.625 54.5   54.5   54.5   53.
  52.75  49.    45.    45.    45.    45.    45.    45.    45.    50.75
  51.125 51.125 51.125 51.125 51.25  51.25  51.25  51.25  51.25  51.25
  51.5   51.5   51.625 51.625 51.625 51.625 51.75  51.75  51.75  51.75
  51.75  51.75  52.    52.    52.    52.    52.    52.    53.    53.25
  53.25  53.25  53.25  53.25  53.25  53.25  53.25  53.25  53.25  53.25
  53.25  53.25  53.25  56.375 56.75  56.75  56.75  56.75  56.75  56.75
  56.75 ]]"
50,1.0,1.0,51.0,74.0,30.0,1.0,4.736542521000956,1.5602333009956055,3.0,[[ 4.47445144 89.73768452 94.23118497]],3.0,62.814440310762365,"[[77.5   77.5   77.5   77.5   77.5   77.5   77.5   77.5   77.5   77.5
  77.5   77.5   77.5   77.5   77.5   77.5   77.5   77.5   77.375 77.25
  77.25  62.625 60.25  60.125 60.    56.75  52.5   52.5   52.5   52.5
  53.375 59.625 59.75  59.75  60.375 61.25  61.25  61.25  61.375 61.375
  61.375 61.375 61.375 61.5   61.5   61.5   61.5   61.5   61.5   61.5
  61.625 61.75  61.75  62.    62.25  62.625 62.625 62.875 63.    63.5
  63.5   63.625 63.75  64.    64.125 64.125 64.125 64.125 62.    61.75
  61.75  61.75  61.75  61.75  66.    72.125 73.375 73.375 73.375 73.375
  73.375 73.375 73.375 73.375 73.5  ]]"
51,1.0,1.0,52.0,59.0,44.0,1.0,3.815260239993222,2.3674015769938705,2.0,[[ 5.15757661 70.68263704 76.05276274]],3.0,50.630992131317846,"[[14.125 14.125 14.125 14.125 14.125 14.125 14.125 14.125 14.125 14.125
  14.125 16.5   25.125 26.    28.75  31.75  34.625 39.75  40.375 46.625
  64.75  64.75  64.75  64.75  66.25  66.5   66.5   67.    68.625 68.75
  68.125 68.    66.75  62.875 62.625 62.625 61.625 60.875 60.125 60.125
  60.125 60.125 60.125 60.125 60.125 60.125 55.    54.875 54.875 54.875
  54.875 54.875 54.875 54.875 54.875 54.875 54.875 54.875 54.875 54.875
  54.875 57.125 58.5   58.625 58.625 58.625 58.625]]"
52,1.0,1.0,53.0,76.0,26.0,1.0,4.813493875000859,2.5567455499985954,4.0,[[81.77655922 84.24050768]],2.0,83.00853344989108,"[[92.75  92.75  92.75  92.75  92.75  92.75  92.75  92.75  92.75  91.625
  89.625 88.625 87.5   81.875 75.875 73.125 66.375 61.    56.25  53.5
  52.    50.875 50.25  50.125 50.125 50.125 49.875 48.25  47.875 47.875
  47.875 47.875 47.875 47.875 48.125 48.125 48.125 48.125 48.125 48.125
  48.    47.625 46.625 44.875 44.75  44.75  44.75  54.    64.    64.
  64.    64.    64.125 64.25  64.25  64.25  64.25  64.25  64.25  64.125
  63.875 61.    60.25  60.25  59.75  57.125 55.25  53.875 51.125 49.75
  49.5   49.375 49.375 49.375 48.75  48.125 47.625 47.625 47.625 47.625
  47.625 47.625 47.625 47.625 47.625 47.625 47.625 47.625 66.75  88.125
  88.125 88.125 87.125 82.25  81.75  81.5   76.75  70.75  67.375 67.375
  67.375 67.375 67.375 67.625 72.625 76.25  76.25  76.25  76.25  76.25
  76.25 ]]"
53,1.0,1.0,54.0,63.0,20.0,0.0,2.94334345900279,1.4853351319979993,0.0,[[ 3.99283638 14.09099479 59.96733362 72.43155064]],4.0,37.62067885695606,"[[60.375 60.375 60.375 60.375 60.375 60.375 60.375 60.375 60.375 60.375
  60.375 60.375 60.375 60.125 59.875 45.75  38.875 38.875 38.875 38.625
  38.625 38.5   38.375 38.375 38.375 38.625 39.25  55.125 55.25  55.25
  55.25  55.75  58.125 58.125 58.25  58.375 60.75  60.75  60.875 62.375
  63.    63.    63.    63.    63.    63.   ]]"
54,1.0,1.0,55.0,61.0,46.0,1.0,3.7992886479987646,2.4421826470061205,2.0,[[17.77980158 67.35272339 76.66376076 78.90558793 99.10086211]],5.0,67.96054715571734,"[[ 7.625  7.625  7.625  7.625  7.625  7.5    7.5    7.5    7.5    7.5
   0.     0.    46.875 62.75  62.75  62.875 73.25  74.    74.    72.375
  67.375 64.875 63.625 60.    56.5   55.5   55.5   55.5   55.5   55.375
  55.375 55.375 55.375 55.25  55.25  55.25  55.25  55.375 55.375 55.375
  55.5   55.625 56.    61.    61.    61.    61.    61.    61.    61.   ]]"
55,1.0,1.0,56.0,58.0,30.0,0.0,3.5176197649998358,1.3911542350033415,0.0,[[3.37928577e-02 1.24855763e+01 8.50196526e+01]],3.0,32.51300725917637,"[[28.375 28.375 28.375 28.375 28.375 28.375 28.375 28.375 28.375 28.375
  28.375 28.25  26.875 10.625 10.    10.875 16.625 18.625 25.75  31.125
  33.125 33.875 34.875 38.25  40.75  43.25  44.125 44.125 44.125 44.125
  44.25  44.75  44.75  44.75  45.5   47.375 50.    50.    50.    50.
  50.    50.    50.    50.    50.75  50.75  50.75  53.    57.75  57.75
  57.75  57.75  57.75  57.75  57.75  57.75  57.75  57.75  57.75  57.75
  57.75  57.75  57.75 ]]"
56,1.0,1.0,57.0,53.0,32.0,1.0,4.7980407510040095,1.3682756150010391,3.0,[[14.47566716 47.67640546 53.1035263  59.38118475]],4.0,43.659195918044176,"[[46.625 46.625 46.625 46.625 46.625 46.625 46.625 46.625 46.625 44.125
  39.5   38.875 36.625 35.5   35.375 34.25  32.125 31.375 31.    28.75
  23.125 23.    23.    23.    23.    25.    26.    27.25  31.25  31.375
  31.875 32.75  33.625 33.625 33.75  35.25  36.125 36.375 38.125 38.375
  38.75  39.125 40.25  43.125 44.375 44.375 46.125 47.5   47.75  47.75
  47.75  47.75  47.75  47.75  53.125 53.125 53.125 53.125 53.125 53.125
  53.125 53.125 53.125 53.125 53.125 52.875 52.625 52.625 52.625 52.625
  52.625 52.625 52.625]]"
57,1.0,1.0,58.0,53.0,68.0,1.0,6.082480575001682,2.5905963249970227,1.0,[[ 1.39378253  5.70039121 30.78637005 34.86788621 82.44041133 98.70757588]],6.0,42.3160695371763,"[[37.25  37.25  37.25  37.25  37.25  37.25  37.25  37.    36.875 25.75
  23.375 23.375 23.375 23.375 23.375 23.375 23.375 24.375 27.25  30.875
  31.    31.5   33.25  34.5   35.375 35.75  36.875 37.5   38.25  39.625
  41.25  41.25  42.    42.875 43.25  43.875 47.75  47.75  49.625 57.75
  57.75  57.75  57.75  57.75  57.75  57.75  57.75  57.75  57.75  57.5
  57.    57.    57.    57.    57.    57.    57.    57.    57.    57.
  57.    57.    57.    57.    57.    56.875 56.875 56.875 56.875 56.875
  56.875 52.    52.    52.    52.    52.    52.    52.    52.    52.
  53.125 53.125 53.125]]"
58,1.0,1.0,59.0,68.0,36.0,0.0,4.249961427995004,2.20864938700106,0.0,[[ 0.79232843 18.01623138 49.1167364  81.70594361 83.5401104 ]],5.0,46.63427004706692,"[[79.5    8.     8.     8.     8.     4.875  2.375  0.     0.     0.
   0.     0.     0.     0.     0.     0.     0.     0.     6.375 20.5
  37.625 42.75  43.375 43.375 43.375 43.375 40.25  26.625 25.375 25.375
  25.25  23.5   30.    82.75  89.125 89.25  89.75  91.625 91.625 79.25
  69.375 68.375 66.875 58.625 58.375 58.125 58.    58.    58.    58.
  58.    65.875 68.125 68.125 68.125 68.125 68.125 68.125 68.125 68.125
  68.125 68.125 68.125 68.125]]"
59,1.0,1.0,60.0,69.0,44.0,1.0,4.797950722000678,1.7364819789945614,2.0,[[ 1.51386333 52.79414418 57.0592064  81.60452946 86.60666536 90.2928526 ]],6.0,61.6452102220857,"[[ 81.     81.     81.     81.     81.     81.     81.     81.     81.
   81.     81.     81.     80.875  80.875  80.75   76.875  60.25   56.375
   40.625  18.125  10.875   9.625   0.      0.      0.      0.      0.
    0.      8.625  15.875  21.25   35.375  39.375  39.75   47.75   76.25
   77.875  77.875  78.5    83.     77.625  62.125  62.     61.875  61.875
   61.875  61.875  61.875  61.875  61.875 100.    100.     99.875  99.875
   99.875  68.875  68.625  68.625  68.625  68.625  68.625  68.625  68.625
   68.625  68.625]]"
60,1.0,1.0,61.0,18.0,10.0,0.0,2.961257248003676,2.1380656600013026,0.0,[[ 8.0342928  12.83100362]],2.0,10.432648205790374,"[[75.    75.    75.    75.    75.    75.    75.    75.    75.    75.
  75.    75.    75.    75.    75.    75.    75.    46.875  0.875  0.
   0.     0.     0.     0.     0.     0.     0.     0.     0.     0.
   0.     0.     0.     0.     0.     0.     0.     0.     9.875 35.625
  44.125 44.5   44.625 44.625 44.875 47.    48.75  48.75  35.    26.125
  26.    25.5   21.375 18.375 17.75  17.75  17.75  17.75  17.75  17.75
  17.75  17.625 17.625 17.625 17.625 17.625]]"
61,1.0,1.0,62.0,9.0,14.0,1.0,2.8935301099991193,5.233714424000937,7.0,[[ 1.47122007 20.7045969 ]],2.0,11.087908484714642,"[[36.75  36.75  36.75  36.75  36.75  36.75  36.75  36.75  36.75  36.75
  36.75  36.75  36.375 36.375 36.375 36.375 36.375 36.375 36.375 36.375
  36.375 36.375 35.    34.75  34.75  34.75  34.625 33.375 27.75  25.875
  24.5   16.625 16.125 16.125 15.875 15.75  14.625 12.25  10.25   9.75
   9.75   9.75   9.625  9.625  9.625  9.625  9.625  9.625  9.625  9.625
   9.625  9.625  9.625  9.625  9.625  9.5    9.5    9.5    9.5    9.5
   9.5    9.375  9.25   9.125  9.125  9.125  9.125  9.125  9.     8.875
   8.875  8.875  8.875  8.875  8.875  8.875  8.875]]"
62,1.0,1.0,63.0,64.0,24.0,0.0,4.598480143002234,3.658301338000456,0.0,[[11.31978465 12.24096007 32.96591323 83.07463413]],4.0,34.90032301930921,"[[15.125 15.125 15.125 60.625 60.625 60.625 60.625 60.625 60.625 60.625
  60.625 60.625 60.5   60.5   60.25  60.125 54.25  47.    44.125 40.75
  36.25  31.5   29.5   27.625 25.75  25.625 25.5   30.375 32.375 32.375
  32.375 32.5   41.875 46.875 47.    47.    47.625 50.875 51.25  51.25
  51.25  51.25  51.25  51.25  51.25  51.375 51.375 51.375 51.25  51.25
  51.25  51.25  51.    51.    51.    50.625 50.125 50.125 49.875 49.75
  51.    61.75  64.625 64.875 65.25  68.375 69.25  69.25  69.25  68.75
  66.625 66.5   66.375 65.75  65.    64.375 64.    63.875 63.875]]"
63,1.0,1.0,64.0,32.0,16.0,0.0,3.6753794200049015,1.588247785999556,0.0,[[ 2.39005444  2.6042095  21.92842853 29.89217823]],4.0,14.203717673197414,"[[30.75  30.75  30.75  30.75  30.75  30.75  30.625 30.25  29.375 27.875
  23.125 21.375 20.25  19.875 19.5   19.5   21.    24.5   27.75  31.375
  32.25  32.375 32.375 32.5   32.625 32.75  34.    36.    37.625 38.75
  39.125 39.25  40.5   43.75  44.25  44.625 45.    45.25  45.25  45.375
  45.375 45.375 45.375 45.125 44.875 44.75  44.75  44.75  44.75  45.25
  48.25  51.125 51.125 51.125 43.5   37.25  34.875 32.625 32.5   32.5
  32.5   32.5   32.5   32.5  ]]"
64,1.0,1.0,65.0,11.0,14.0,0.0,4.262332511003478,1.8569348450037069,0.0,[[18.06642446 19.87244305]],2.0,18.96943375246606,"[[39.625 97.5   97.5   97.5   97.5   97.5   97.375 97.375 97.375 97.25
  97.125 97.125 97.125 97.125 97.125 97.125 96.875 92.625 81.125 73.75
  65.625 63.    61.25  55.625 52.875 52.5   52.25  51.875 50.125 48.
  45.75  45.125 44.875 44.875 44.875 44.875 44.875 44.875 44.875 44.75
  44.75  44.75  44.75  44.75  44.75  44.75  43.25  41.5   40.375 40.
  39.75  38.625 37.    35.625 29.875 24.    20.625 18.375 18.125 13.625
  12.25  12.25  12.25  12.25  12.25  13.875 15.5   15.5   15.5   15.5
  15.5   15.5   15.5   15.5   15.5   15.5   15.5   15.5   15.5   15.625
  15.625 15.625 15.5   15.375 14.5   11.125 10.75  10.75  10.75  10.75
  10.75  10.75  10.75  10.75  10.75 ]]"
65,1.0,1.0,66.0,92.0,28.0,0.0,4.9741633140001795,1.8021286100047291,0.0,[[ 2.37319847 20.6204844  22.99924741 79.38748371 83.38503953]],5.0,41.75309070312174,"[[37.625 37.625 37.625 37.625 37.625 37.625 37.625 37.625 37.625 37.625
  37.625 37.625 37.    34.75  32.375 31.125 30.125 28.    23.125 21.75
  20.875 20.875 20.75  20.75  21.5   25.625 33.    33.875 36.125 46.5
  53.125 53.375 53.375 53.375 53.375 53.375 53.375 53.375 53.375 53.375
  53.375 53.375 53.375 53.375 53.375 53.625 53.875 55.75  58.    59.25
  61.75  66.375 66.375 66.625 75.375 78.25  78.25  78.25  78.25  78.25
  78.25  78.25  78.25  78.25  78.25  78.25  79.25  91.25  92.    92.
  92.    92.    92.   ]]"
66,1.0,1.0,67.0,53.0,20.0,1.0,4.741238258997328,1.5839605549990665,6.0,[[ 5.99536067 29.74564326 58.20095205 64.0835116  82.36247138]],5.0,48.07758778973411,"[[64.125 64.125 64.125 64.125 64.125 64.125 62.75  54.25  48.75  45.75
  44.    41.125 40.125 39.5   37.375 35.625 33.5   31.    27.875 27.
  26.125 24.5   23.125 22.25  21.25  19.625 18.125 18.125 18.125 18.125
  18.625 19.375 22.75  24.25  24.625 25.5   28.375 30.75  32.875 34.125
  38.875 41.75  41.875 41.875 42.625 44.    44.25  44.25  44.25  44.5
  45.25  45.375 45.375 45.5   47.625 48.375 49.125 50.375 52.375 52.5
  52.625 52.625 52.625 52.625 52.625 52.625 52.625 52.625 52.625 52.625]]"
67,1.0,1.0,68.0,41.0,34.0,1.0,4.914950206999492,1.820835482001712,3.0,[[ 8.49926313 10.093023   22.32978008 73.51337871 80.03561087 92.00681586]],6.0,47.74631194276056,"[[51.75  51.75  51.75  51.75  51.625 51.625 51.625 51.375 51.125 43.375
  35.375 28.625 22.625 15.375 14.875 14.875 14.75  14.5   13.375 10.75
   9.125  9.    18.375 26.25  28.375 31.25  31.875 32.875 34.625 35.625
  37.5   39.625 42.625 43.375 43.625 45.5   47.5   47.5   47.5   47.625
  49.5   56.125 68.375 68.375 68.375 68.375 68.375 68.375 65.25  65.125
  65.125 62.    59.75  59.75  59.75  59.75  59.75  49.125 40.875 40.875
  40.875 40.875]]"
68,1.0,1.0,69.0,69.0,38.0,1.0,4.5047297310011345,2.025095670003793,2.0,[[ 9.66487143 59.235632   60.6474721  76.11406743]],4.0,51.4155107432583,"[[93.625 93.625 93.625 93.625 93.625 93.625 93.625 93.625 93.625 93.625
  93.625 86.875 56.375 55.125 48.375 45.75  44.25  40.5   36.75  34.875
  32.75  28.875 23.625 19.125 19.125 20.125 29.    33.    33.    35.75
  44.875 45.75  46.25  54.75  78.25  90.5   90.5   90.5   90.5   87.125
  77.    76.625 76.625 76.625 76.625 76.5   75.625 75.375 75.375 75.375
  75.375 75.25  75.    74.875 74.625 74.125 73.5   73.375 73.    72.75
  72.375 72.    71.875 71.75  71.5   70.25  69.375 69.375 69.375 69.375]]"
69,1.0,1.0,70.0,58.0,20.0,1.0,4.026959048002027,1.4783338580018608,6.0,[[52.16640657 79.12865588]],2.0,65.64753122673523,"[[ 2.375  2.375  2.375  2.375  2.375  2.375  2.375  2.25   2.25   2.25
   2.25   2.25   2.25   2.125  0.     0.     0.     0.     0.     0.
   1.    71.625 93.875 93.875 93.875 93.875 93.875 93.875 85.375 59.375
  41.5   40.125 39.625 38.5   37.875 37.375 37.25  37.25  37.25  37.125
  37.125 37.125 37.125 37.125 39.    41.5   41.75  41.75  41.75  41.875
  44.625 46.875 46.875 47.    47.    50.    51.625 51.75  52.    53.125
  54.75  55.125 55.125 55.125 55.125 55.125 55.125 55.125 55.125 55.125
  55.125 55.125 55.125 55.125 55.125 55.125 55.125 55.125 55.125 55.25
  57.125 57.5   57.5   57.5   57.5  ]]"
70,1.0,1.0,71.0,60.0,62.0,1.0,4.567575608001789,2.288363013001799,1.0,[[ 2.46314488  5.56097524  6.96003439 19.66522691 63.69450018 95.15492274]],6.0,32.24980072502886,"[[54.625 54.625 54.625 54.625 54.625 54.625 54.125 37.75  25.    17.
   9.625  3.625  0.     0.     0.    22.25  34.875 35.    35.125 60.75
  65.    65.    65.125 65.125 65.125 65.25  65.25  65.25  65.25  65.25
  65.25  65.75  66.5   66.5   66.5   66.5   66.5   66.5   66.5   66.5
  66.5   66.5   66.5   66.5   66.5   66.5   66.5   66.    65.125 64.75
  64.25  63.625 60.75  60.5   60.5   60.5   60.5   60.5  ]]"
71,1.0,1.0,72.0,58.0,42.0,1.0,3.917908568000712,1.471276238997234,2.0,[[10.74252578 30.04997609 40.27480181 47.65715671 74.22580853]],5.0,40.590053784285416,"[[89.375 89.375 89.375 89.375 89.375 89.375 89.375 89.375 89.375 89.375
  89.125 74.375 62.75  55.625 25.5    8.625  8.5    8.5    9.5   17.625
  32.625 43.375 44.    53.625 65.625 65.75  65.75  65.75  67.125 67.5
  67.5   67.75  70.375 70.375 70.375 70.375 70.375 70.375 69.875 64.125
  56.5   56.125 56.125 56.125 56.125 56.125 56.125 56.125 56.125 56.625
  56.75  57.125 58.125 58.375 58.375 58.375 58.375]]"
72,1.0,1.0,73.0,40.0,40.0,1.0,3.0441101159958635,2.0120085339949583,2.0,[[ 2.52305898 39.62013074 50.45219328 63.55006953 63.97796253 64.56118653]],6.0,47.447433598565844,"[[45.625 45.625 45.625 45.625 45.625 45.625 45.625 45.625 45.375 44.25
  38.375 33.    31.75  30.125 23.625 21.125 21.    21.    21.    21.
  21.    21.    21.    22.    27.25  28.375 28.375 32.25  32.25  32.25
  32.375 38.625 39.25  39.25  39.25  39.625 39.625 39.625 39.625 39.625]]"
73,1.0,1.0,74.0,52.0,38.0,1.0,3.780028200002562,2.157416643000033,2.0,[[14.3951086  31.39522231 35.59476625 69.60365581]],4.0,37.74718824429169,"[[79.375 79.375 79.375 79.375 79.375 79.375 79.375 79.375 79.375 79.375
  79.375 79.375 77.75  72.625 72.375 72.    70.125 69.    68.625 67.375
  66.5   65.625 65.375 65.25  61.125 59.875 59.875 59.75  57.    56.5
  56.25  55.625 54.75  53.125 52.875 52.875 52.75  52.625 52.625 52.625
  52.5   52.375 52.125 51.75  51.75  51.625 51.5   51.5   51.5   51.5
  51.5   51.5   51.5   51.5   51.5   51.5   51.5   51.5   51.5  ]]"
74,1.0,1.0,75.0,52.0,60.0,1.0,5.365647521000938,1.908908564997546,1.0,[[58.1831476  84.38229603]],2.0,71.28272181248163,"[[58.125 58.125 58.125 58.125 58.125 58.125 58.125 58.125 58.125 58.125
  58.125 58.125 58.125 58.125 58.125 57.875 55.25  48.375 43.125 42.875
  42.75  42.75  42.625 42.    40.75  39.875 38.625 38.125 38.125 38.125
  38.125 38.125 38.125 38.125 38.125 38.125 34.625 33.5   33.5   33.375
  33.25  33.25  33.125 33.125 32.5   24.625 21.125 20.375 20.125 20.125
  20.125 20.125 20.375 21.    21.75  23.5   27.625 29.875 30.    30.
  30.    30.125 30.25  30.25  30.25  30.25  30.25  30.25  30.25  30.5
  30.5   30.5   31.    32.625 33.25  33.25  33.25  33.25  33.25  33.25
  33.25  33.25  33.25  35.125 50.125 71.75  72.5   72.5   72.5   72.5
  69.    50.    40.375 40.375 40.25  40.25  40.25  40.25  40.625 50.875
  51.625 51.625 51.625 51.625 51.625 51.625 51.625 51.625 51.625 51.625
  51.625 51.625 51.625 51.625 51.625 51.625 51.625 51.625 51.625 51.625]]"
75,1.0,1.0,76.0,27.0,48.0,0.0,4.698037759997533,2.0457584309988306,0.0,[[24.45819934 80.98879237]],2.0,52.72349585405952,"[[49.125 49.125 49.125 49.125 49.125 49.125 49.125 49.125 49.125 49.125
  49.125 49.125 49.125 49.125 49.125 49.125 49.125 49.125 49.125 49.125
  49.125 49.125 49.    48.125 46.25  46.    45.25  44.625 42.75  41.5
  40.625 40.125 40.125 40.125 40.125 40.875 42.5   42.75  42.75  42.75
  44.75  45.75  46.125 46.125 46.125 46.25  46.375 46.375 46.625 47.625
  48.375 48.75  48.75  48.875 48.875 48.875 48.875 48.875 48.875 48.75
  39.25  37.5   37.125 35.5   34.375 32.25  27.5   25.375 24.875 24.625
  24.625 24.625 24.25  23.375 23.25  23.125 23.875 25.25  25.625 25.875
  26.    26.375 26.375 26.375 26.375 26.375 26.375 26.375 26.875 27.
  27.    27.    27.    27.    27.   ]]"
76,1.0,1.0,77.0,57.0,50.0,1.0,3.2504329180010245,1.8754594869969878,1.0,[[14.08704928 73.36575228 99.13310387]],3.0,62.195301809563496,"[[11.    11.    11.    11.    11.    11.    11.    11.    11.    11.
  11.    11.    11.    11.    11.    11.    11.5   20.75  30.5   32.125
  32.25  34.375 61.    64.75  64.75  64.75  64.75  64.75  64.25  61.25
  60.375 59.25  57.5   55.125 54.    48.    43.875 42.625 42.625 42.625
  42.625 42.625 42.625 42.625 42.625 42.625 42.625 42.625 49.125 56.125
  56.125 56.25  56.25  56.625 56.625 56.625 56.625 56.625 56.625 56.625
  56.625 56.625]]"
77,1.0,1.0,78.0,77.0,52.0,1.0,4.319976154998585,2.276802990003489,1.0,[[43.32839201 43.40128444 73.73981154 78.66539675 91.76464017]],5.0,66.1799049810136,"[[30.25  30.25  30.25  30.25  30.25  30.25  30.25  30.25  30.25  30.25
  30.25  30.25  30.25  30.25  30.25  30.25  30.25  30.25  30.25  30.25
  30.25  30.25  30.25  30.25  30.25  30.25  30.25  30.25  30.25  30.25
  30.25  39.5   47.    47.625 58.625 70.625 70.625 70.625 70.625 70.625
  70.625 70.625 70.625 70.625 70.625 70.75  70.875 71.    71.75  73.25
  74.625 75.875 75.875 76.    76.875 76.875 76.875 76.875 76.875 76.875
  76.875 76.875 76.875]]"
78,1.0,1.0,79.0,42.0,56.0,0.0,5.433206838999467,1.3547175669955323,0.0,[[72.73416444 85.89529361]],2.0,79.31472902546294,"[[18.25  18.25  18.25  18.25  18.25  18.25  18.25  18.25  18.25  18.25
  18.25  18.25  18.25  18.25  18.5   24.5   25.25  25.25  25.25  25.25
  25.625 25.875 25.875 26.5   28.25  29.25  29.25  29.375 30.5   33.125
  33.75  34.    34.875 35.75  36.625 37.25  37.875 40.25  42.25  45.375
  47.75  48.375 49.375 51.125 51.75  53.375 54.625 57.5   60.125 60.75
  60.75  60.75  61.25  63.    64.25  64.25  64.25  64.25  64.25  64.25
  64.25  64.25  64.25  64.25  64.25  64.25  64.25  64.25  64.25  64.25
  64.25  64.25  64.25  64.25  64.25  64.25  62.25  57.    56.875 56.875
  56.875 56.875 56.75  56.5   56.5   56.5   56.5   56.5   56.5   56.5
  56.5   56.5   56.5   55.    52.625 51.75  51.5   50.875 46.25  44.875
  44.625 44.25  42.75  42.    41.875 41.75  41.75  41.75  41.75  41.75 ]]"
79,1.0,1.0,80.0,29.0,52.0,1.0,4.872213497001212,1.5039298560004681,1.0,[[49.98406225 54.55231788 55.26625028]],3.0,53.26754347035777,"[[14.125 14.125 14.125 14.125 14.125 14.125 14.125 14.125 14.125 14.125
  14.125 14.125 14.125 14.375 14.5   14.5   14.875 15.125 15.5   16.5
  17.    17.5   17.75  18.25  19.25  20.25  21.625 23.75  25.75  27.875
  28.75  28.875 29.375 30.375 32.    32.25  32.375 32.375 32.375 32.375
  32.375 32.375 32.375 33.375 37.    38.125 38.25  38.25  38.25  38.25
  38.25  38.25  38.25  38.25  38.25  38.25  38.25  38.25  38.25  39.5
  41.625 41.625 41.625 41.625 41.625 41.625 41.75  41.875 41.875 42.
  46.375 49.25  49.375 49.375 49.375 49.375 49.375 49.375 49.375 49.125
  47.25  47.    41.625 30.75  29.375 29.375 29.375 29.375 29.375 29.375
  29.375 29.375 29.375 29.375]]"
80,1.0,1.0,81.0,41.0,58.0,1.0,4.742459215995041,2.754248222001479,1.0,[[ 2.25721091 16.58350694 88.47074555]],3.0,35.77048780213968,"[[84.375 84.375 84.375 84.375 84.375 84.375 84.375 84.375 84.375 84.375
  84.375 84.375 84.375 84.375 84.375 84.375 84.375 84.375 84.375 84.375
  84.125 76.875 74.75  74.375 72.25  71.625 69.5   65.375 59.75  57.875
  55.375 53.5   49.125 46.25  40.875 28.125 18.875 18.    17.875 17.875
  17.875 18.25  19.    20.875 24.75  27.875 35.75  46.75  51.    52.125
  54.375 57.625 58.125 58.25  59.625 60.75  60.75  60.75  60.75  60.75
  60.75  60.75  60.75  60.75  60.625 54.625 42.5   41.875 41.75  41.75
  41.75  41.5   41.5   41.5   41.5   41.5   41.5   41.5   41.5   41.5
  41.5   41.5   41.25  41.125 41.125 41.125 41.125 41.125 41.125]]"
81,1.0,1.0,82.0,16.0,20.0,0.0,3.1943852469994454,1.6092749099989305,0.0,[[26.54531964 35.11012011]],2.0,30.827719874321765,"[[64.    64.    64.    64.    64.    64.    64.    64.    64.    64.
  64.    64.    64.    64.    66.75  68.    68.125 68.125 67.375 64.875
  60.875 57.75  55.625 54.    53.5   53.5   53.5   53.5   53.5   29.125
   0.     0.     0.     0.     0.     0.     0.     0.     0.     0.
   0.     0.     0.     0.    19.    46.5   46.625 46.625 46.625 46.625
  46.625 46.375 29.75  29.125 22.25  18.75  18.375 18.125 18.125 17.875
  17.375 16.875 15.875 15.75  15.75  15.75 ]]"
82,1.0,1.0,83.0,32.0,46.0,1.0,5.068803237001703,1.4554511020032805,2.0,[[ 4.88995457 15.49541084 35.58199068 51.67800649]],4.0,26.911340643379997,"[[81.625 81.625 81.625 81.625 81.625 81.625 81.625 81.625 81.625 81.625
  81.5   37.375 24.125 16.5   12.125 11.75  11.75  11.75  11.75   8.
   6.125  7.375  7.5    7.5    7.5    7.5    7.5    7.875 16.25  19.
  19.    19.25  19.5   21.125 21.75  21.75  21.875 21.875 23.375 25.875
  29.375 31.875 32.75  33.125 34.5   35.75  36.625 38.75  39.125 39.125
  39.125 39.75  44.    45.875 45.875 46.    46.125 46.125 46.125 46.125
  43.375 41.    34.75  32.5   32.5   32.5   32.5   32.5   32.5   32.5  ]]"
83,1.0,1.0,84.0,27.0,34.0,0.0,2.4751992509991396,4.262135263998061,0.0,[[63.67260354 92.43368485]],2.0,78.05314419277448,"[[43.    43.    43.    43.    43.    43.    42.875 41.5   36.625 31.375
  31.375 31.375 31.25  31.25  31.25  31.25  31.375 31.5   31.5   31.5
  31.5   31.5   23.25  21.25  21.125 21.    21.    20.875 20.25  20.125
  19.75  19.25  19.25  19.25  19.25  19.25  20.    21.    21.25  21.25
  21.25  21.375 26.375 26.625 26.625 26.625 26.625 26.625 26.625]]"
84,1.0,1.0,85.0,16.0,50.0,0.0,2.898479559997213,3.5011669079976855,0.0,[[10.28024974 94.36177937]],2.0,52.321014558570695,"[[77.5   77.5   77.5   77.5   77.5   77.5   77.5   77.5   77.5   77.5
  77.5   77.5   77.5   77.5   62.5   55.    43.875 29.125 18.375  6.
   0.     0.     0.     0.     0.     2.     4.375  5.     5.25   5.75
  11.    14.    14.    14.    14.375 15.5   15.75  15.75  15.75  15.75
  15.75  15.875 16.125 17.    17.5   17.5   17.5   17.5   17.5   17.5
  17.5   16.125 15.75  15.75  15.75  15.75  15.75 ]]"
85,1.0,1.0,86.0,41.0,46.0,1.0,2.587741276001907,2.177305332996184,2.0,[[15.96771612 30.87421961 33.7985058  49.51439073 50.59262855 82.20893977]],6.0,43.826066764901405,"[[67.125 67.125 67.125 67.125 67.125 67.125 67.125 67.125 67.125 67.125
  60.125 19.875 16.    13.75  11.25   5.375  5.375 22.5   27.25  29.125
  37.25  43.75  43.75  43.75  43.75  41.875 41.25  41.125 41.125]]"
86,1.0,1.0,87.0,36.0,22.0,0.0,2.0990796650003176,3.2188023929993506,0.0,[[38.35702807 60.88652658 85.20646566 95.35484506]],4.0,69.9512163418385,"[[70.25  70.25  70.25  70.25  70.25  70.25  70.25  70.25  70.25  70.25
  41.25  35.625 35.625 34.125 32.75  32.75  32.375 32.    31.875 33.875
  34.75  34.75  34.75  35.5   35.625 35.625 35.625 35.625 35.625]]"
87,1.0,1.0,88.0,20.0,32.0,1.0,2.1305919070000527,4.416911373999028,3.0,[[11.26260338 11.65130471 35.37988011]],3.0,19.431262734633496,"[[ 6.375  6.375  6.375  6.375  6.375  6.375  6.375  6.375  6.375  6.375
   6.375  6.375  6.375  6.375 20.75  23.125 23.125 23.125 23.125 23.125
  23.125 23.125 23.125 23.125 23.125 22.5   22.25  21.875 21.75  21.625
  21.5   21.25  21.25  21.    20.625 20.375 20.375 20.375 20.375]]"
88,1.0,1.0,89.0,34.0,42.0,0.0,2.8842429320066003,1.9242575230018701,0.0,[[51.49317612 61.85487104 67.06694536]],3.0,60.13833084134839,"[[24.    24.    24.    24.    24.    24.    24.    24.    24.    24.
  24.    24.    26.125 31.25  32.125 32.125 33.25  34.125 34.5   35.
  36.75  38.375 39.125 39.125 39.125 39.125 39.375 39.5   39.5   39.625
  39.75  39.875 39.875 40.    40.125 40.5   41.875 43.125 43.125 43.125
  43.125 43.125 40.25  34.5   34.375 34.25  34.25  34.125 34.125 34.125
  34.125 34.125]]"
89,1.0,1.0,90.0,43.0,40.0,0.0,4.247375683000428,3.078438204000122,0.0,[[43.90770029 67.03202438 70.42493141 72.01203301 91.04016197 91.26585931]],6.0,72.61378505986795,"[[95.25  95.25  95.25  95.25  95.25  95.25  95.25  95.25  95.25  94.5
  85.125 81.25  77.375 74.75  73.125 71.125 66.125 42.375  8.75   1.625
   1.375  1.     1.375  7.875 12.5   12.75  13.125 14.875 17.125 21.625
  27.625 29.875 30.    30.875 32.75  32.875 32.875 35.5   36.75  38.375
  40.    41.75  42.75  42.75  42.75  43.    43.    43.    43.    43.
  43.   ]]"
90,1.0,1.0,91.0,57.0,56.0,1.0,4.125894796998182,2.867133109997667,1.0,[[20.72216491 57.73183564 70.54037385 71.65832848 92.02187918 93.04042097]],6.0,67.6191671715977,"[[57.375 57.375 57.375 57.375 57.375 57.375 57.375 57.375 57.375 57.375
  57.375 57.375 57.125 48.125 46.875 39.875 35.875 35.875 35.875 37.
  39.75  41.125 43.25  44.    47.    52.25  52.75  52.75  53.375 54.125
  54.25  54.25  54.25  54.25  54.25  54.25  55.375 56.75  56.875 56.875
  56.875 56.875 56.875 56.875 56.875 56.875 56.875 56.875]]"
91,1.0,1.0,92.0,49.0,64.0,1.0,3.1376722669956507,2.7110209339953144,1.0,[[ 8.8046314  12.65988103 36.88284569 61.61723781 80.30684258]],5.0,40.05428770071698,"[[19.5   19.5   19.5   19.5   19.5   19.5   19.5   19.5   19.5   19.75
  20.    21.125 22.125 23.25  24.375 26.25  29.625 32.25  34.5   36.25
  38.75  47.125 55.    55.    55.    55.    55.    55.    55.    55.
  55.    55.    55.    54.75  49.5   49.125 48.875 48.875 48.875 48.875
  48.875 48.875 48.875]]"
92,1.0,1.0,93.0,38.0,32.0,0.0,3.788297003004118,4.292404994004755,0.0,[[38.04904554 42.03144411 62.38099137 70.42140936 76.13931201]],5.0,57.80444047771391,"[[29.5   29.5   29.5   29.5   29.5   29.5   29.5   29.5   29.5   29.5
  29.5   29.5   29.5   29.5   29.5   29.5   27.25  27.    26.75  26.25
  26.    24.375 22.125 22.    22.    22.    21.875 22.125 23.    24.875
  27.875 28.125 28.875 31.25  32.25  32.625 34.25  35.375 36.125 37.5
  38.    38.    38.    38.    38.125 38.125 38.125 38.125 38.125 38.125
  38.125 38.125 38.125]]"
93,1.0,1.0,94.0,43.0,30.0,0.0,2.895677901004092,2.723136002998217,0.0,[[40.80486807 41.52674045 46.95114428 67.19142058 75.02547818 82.4142985 ]],6.0,58.985658342931025,"[[48.625 48.625 48.625 48.625 48.625 48.625 48.625 48.625 48.625 40.25
  38.125 34.5   30.5   29.    28.25  28.    27.875 27.875 27.875 30.875
  35.875 39.25  41.125 41.125 41.875 42.75  42.75  42.75  42.75  42.75
  42.75  42.75  42.75 ]]"
94,1.0,1.0,95.0,43.0,42.0,1.0,3.0447682779995375,3.9968233379986486,2.0,[[ 2.71035859  2.78628033 24.15242779 42.74944509 78.09196205 91.4519053 ]],6.0,40.32372985797876,"[[ 3.875  3.875  3.875  3.875  3.875  3.875  3.875  3.875  3.875  3.875
   3.875  9.75  28.375 29.25  38.125 79.375 80.125 79.    78.125 70.625
  69.625 69.125 65.875 62.25  50.625 42.    41.5   41.5   41.5   41.5
  42.25  42.875 43.    43.    43.   ]]"
95,1.0,1.0,96.0,36.0,34.0,0.0,2.591504451003857,3.11706798299565,0.0,[[46.13403717 52.66640075 61.97603812]],3.0,53.59215868348118,"[[36.125 36.125 36.125 36.125 36.125 36.125 36.125 36.125 36.125 36.125
  36.125 36.125 36.125 36.5   51.25  51.875 51.875 51.875 51.875 51.875
  51.875 51.75  47.875 46.375 45.375 42.875 40.375 40.125 40.    40.
  40.    40.    38.5   36.    35.875 35.875 35.875 35.875 35.875 35.875
  35.875 36.25  36.25  36.25  36.25  36.25  36.25 ]]"
96,1.0,1.0,97.0,46.0,48.0,1.0,2.2841405700019095,3.2814253309989,1.0,[[48.12120212 51.55366496 74.5939039 ]],3.0,58.089590326995754,"[[78.375 78.375 78.375 78.375 78.375 78.25  78.25  78.125 78.125 78.125
  78.125 78.125 77.875 77.375 76.625 76.125 75.625 74.875 73.375 66.375
  58.25  52.75  47.    46.    45.875 45.    44.375 44.375 44.25  44.25
  44.25  44.25  44.25  45.25  45.625 45.625 45.625 45.625 45.75  45.75
  45.75  45.75 ]]"
97,1.0,1.0,98.0,40.0,32.0,1.0,5.329957224996178,3.374487444998522,3.0,[[21.43541739 23.21452565 57.96313747 59.76384768 86.01778114]],5.0,49.67894186600606,"[[60.75  60.75  60.75  60.75  60.75  60.75  60.75  60.375 58.75  48.625
  36.875 34.625 32.375 29.625 26.375 25.125 23.5   20.375 17.125 16.375
  16.25  16.25  16.25  16.25  16.375 16.375 16.75  17.375 18.25  21.
  24.625 26.25  29.625 31.25  31.75  33.    33.    34.125 34.625 35.375
  35.875 38.25  39.75  41.125 42.125 42.25  42.625 43.5   44.    44.125
  44.625 45.5   45.5   45.5   45.625 45.625 45.625 45.625 45.75  46.5
  47.625 47.625 47.625 47.625 47.625 47.5   41.25  39.5   39.5   39.5
  39.5   39.5  ]]"
98,1.0,1.0,99.0,41.0,50.0,1.0,2.9014949900010834,3.210747937002452,1.0,[[ 6.3199009  17.91843048 25.37679631 37.8605541  43.18050372]],5.0,26.131237100307896,"[[37.25  37.25  37.25  37.25  37.25  37.25  37.25  37.25  37.875 41.5
  42.    42.25  44.75  48.75  48.875 48.875 49.    49.375 49.375 49.375
  46.625 43.375 42.875 42.5   40.375 39.25  39.    38.875 38.875 38.875
  38.875 38.875 39.125 39.25  39.5   39.875 40.625 41.375 41.375 41.375]]"
99,1.0,1.0,100.0,42.0,54.0,1.0,4.0999087800009875,1.768712465003773,1.0,[[14.62039454 21.06073956 21.38543252 25.03681106 34.58951214 71.43366714]],6.0,31.3544261576728,"[[64.    64.    64.    64.    64.    65.    68.75  71.    71.5   71.625
  71.75  73.    68.375 31.375 24.875 24.75  22.375  0.     0.     0.
   0.     0.     0.    10.125 10.75  17.375 68.5   61.5   31.625 30.625
  29.625 26.5   15.625 15.125 40.5   41.5   42.625 70.625 63.    45.75
  44.5   43.5   42.625 42.375 42.375 42.375 42.375]]"
100,1.0,1.0,101.0,11.0,22.0,0.0,2.5733942369988654,3.8213540670039947,0.0,[[29.91412551 33.39803834]],2.0,31.656081924380217,"[[17.5   17.5   17.5   17.5   17.5   17.5   17.5   17.5   17.5   17.5
  17.5   17.5   17.5   19.625 25.375 29.375 30.    30.375 30.75  31.375
  32.375 32.75  32.75  32.75  32.75  25.25  21.875 21.5   20.75  19.375
  18.75  18.5   18.5   18.375 18.125 17.75  17.5   16.875 16.75  16.375
  14.875 13.25  13.125 13.    13.    12.75  12.375 11.875 11.5   11.375
  11.375 11.375]]"
101,1.0,1.0,102.0,40.0,62.0,1.0,4.966467092002858,2.5047977800059016,1.0,[[11.98678397 14.23355461 18.970105   23.48801462 48.51294885 81.87599683]],6.0,33.17790064585415,"[[71.25  71.25  71.25  71.25  71.25  71.25  75.25  78.    81.25  81.875
  80.625 69.25  48.375  5.625  3.625  3.125  0.     0.     0.     0.
   0.     6.25   6.375  7.625 14.25  18.25  18.375 19.5   21.875 24.5
  24.625 25.125 27.25  28.    28.125 28.75  28.875 29.    29.    29.125
  29.25  29.25  29.75  33.25  34.25  36.125 38.75  39.25  39.5   39.5
  39.5   39.5   39.5   39.5   39.5   39.5  ]]"
102,1.0,1.0,103.0,34.0,48.0,1.0,3.5358495569962543,2.8382275869953446,1.0,[[ 9.51398551 49.10316207 60.46589901]],3.0,39.69434886167923,"[[65.    65.    65.    65.    65.    65.    65.    65.    65.    65.
  65.    65.    65.    62.375 60.375 58.5   55.375 53.75  52.375 48.25
  45.75  43.5   40.375 35.125 33.875 33.625 33.375 33.25  33.25  33.25
  33.75  34.625 35.375 35.625 35.625 36.25  37.375 37.375 37.375 37.375
  37.375 37.375 37.375 37.375 37.375 37.375 37.375 37.375 37.375 37.375
  37.375 37.375 37.125 35.    34.125 34.    34.    34.    34.    34.
  34.    34.    34.   ]]"
103,1.0,1.0,104.0,46.0,44.0,1.0,3.5906244680008967,4.2336209080021945,2.0,[[26.16545445 31.48760415 52.18742454 55.89489989 82.11703043 84.82992773]],6.0,55.447056866081084,"[[ 9.375  9.375  9.375  9.375  9.375  9.375  9.375  9.5   12.625 13.375
  17.125 18.375 18.375 18.75  20.5   21.125 22.25  23.5   26.25  28.
  29.5   35.75  39.375 39.75  40.    40.    39.5   38.    36.375 34.5
  34.5   34.25  34.25  34.25  34.625 46.125 46.125 46.125 46.125]]"
104,1.0,1.0,105.0,32.0,28.0,0.0,4.031683039997006,1.8859986390016275,0.0,[[26.36333085 73.77079322]],2.0,50.06706203666546,"[[95.125 95.125 95.125 95.125 95.125 95.125 95.125 95.125 95.125 95.125
  95.125 95.125 94.625 85.875 72.875 67.125 65.5   59.    46.    26.125
   0.     0.     0.     0.     0.     0.     0.     0.     0.     0.
   0.     0.     0.     0.     0.     0.     0.     6.25  19.875 20.625
  20.75  20.75  23.875 29.125 29.125 27.625 27.125 27.    27.    27.
  27.    27.    27.    28.375 29.25  29.625 30.125 30.5   30.5   30.5
  30.5   30.5   30.5   30.5   30.5   30.5   30.5   31.125 31.875 32.5
  32.5   32.5   32.5   32.25  32.25  32.25 ]]"
105,1.0,1.0,106.0,45.0,54.0,1.0,4.472643718996551,2.9776549550006166,1.0,[[ 7.18238395 27.37212421 49.79219261 49.79382719 85.86756648]],5.0,44.00161888924191,"[[20.75  20.75  20.75  20.75  20.75  20.75  20.75  20.75  20.75  20.75
  20.75  20.75  20.5   19.875 19.875 19.875 19.75  20.375 27.875 32.125
  35.875 39.5   42.375 45.25  57.875 58.    58.    58.    58.    58.
  58.    48.375 45.25  44.375 43.375 43.    43.    43.    43.    43.625
  43.875 44.125 44.25  44.25  44.25  44.25  44.25  44.25  44.5   44.75
  44.875 44.875 45.375 45.375 45.375 45.375 45.375 45.375 45.375 45.375]]"
106,1.0,1.0,107.0,44.0,36.0,0.0,3.4057125370018184,1.424855752993608,0.0,[[44.40694316 73.35181031 82.55379534 89.34564633 95.2696857 ]],5.0,76.98557617053339,"[[23.75  28.    28.    28.    28.    28.125 28.25  29.5   34.    34.25
  35.25  36.75  37.75  39.25  40.375 41.5   42.75  50.875 53.125 53.125
  53.125 53.125 52.625 51.75  51.125 50.625 49.875 48.375 47.125 47.
  46.875 46.75  46.625 46.375 45.    44.375 44.375 44.375 44.375 44.375
  44.375 44.375 44.375 44.375]]"
107,1.0,1.0,108.0,30.0,44.0,1.0,4.08969924399571,2.7929968730022665,2.0,[[17.25245247 25.48460224 87.36089192]],3.0,43.365982210257464,"[[28.875 28.875 75.625 75.625 75.625 75.625 76.5   76.875 76.875 77.
  77.125 77.125 73.625 59.    48.5   41.25  41.125 41.125 41.125 43.75
  44.    44.375 45.625 45.625 44.875 44.875 44.75  44.375 29.25  27.375
  27.25  27.25  27.25  27.375 33.75  40.625 40.75  40.75  40.75  40.75
  40.75  40.875 40.875 40.875 40.875 40.875 41.    41.    41.    41.
  41.    41.    41.    41.    41.    41.    41.    39.75  38.375 36.625
  35.875 35.375 35.    34.5   34.    33.625 32.75  31.375 30.25  29.75
  29.75  29.75 ]]"
108,1.0,1.0,109.0,38.0,36.0,1.0,2.6209933680001996,1.5450106659991434,2.0,[[27.88248331 34.12188397 44.8205     53.82162064]],4.0,40.161621980158074,"[[69.75  69.75  69.75  69.75  69.75  69.75  69.75  69.75  69.75  69.625
  65.375 64.5   62.5   60.75  59.5   55.875 53.875 51.    46.375 44.625
  43.75  41.75  41.75  41.875 43.5   43.75  43.75  43.75  43.375 39.375
  37.75  37.5   37.5   37.5   37.5   37.5   37.5  ]]"
109,1.0,1.0,110.0,48.0,18.0,0.0,4.321720915999322,1.9345261190028396,0.0,[[13.05074616 14.66351962 21.02246034 85.80837917]],4.0,33.63627632299673,"[[76.875 76.875 76.875 76.875 76.875 76.875 76.875 76.625 75.625 69.375
  67.75  63.875 53.25  41.375 41.    41.    41.    41.    40.875 40.75
  40.5   40.5   40.5   40.5   41.875 42.5   42.875 43.25  43.75  46.
  47.25  47.375 47.375 47.625 47.625 48.375 48.875 48.875 48.875 48.875
  48.875 48.875 48.875 48.875 48.875 48.875 48.875 48.75  48.75  48.75
  48.75  48.75  48.75  48.75  48.75  48.5   48.125 48.125 48.125 48.125
  48.125]]"
110,1.0,1.0,111.0,48.0,36.0,1.0,2.6821900440045283,2.6491154149989597,2.0,[[11.96046025 50.21847609 82.53024014 85.21324369 86.45161098]],5.0,63.2748062312593,"[[79.25  79.25  79.25  79.25  79.25  79.25  79.125 79.125 79.125 79.125
  78.5   65.5   56.625 54.375 53.    52.25  52.25  52.125 52.    51.625
  51.25  51.    51.    51.    51.    50.875 49.375 48.625 48.125 47.875
  47.5   47.5   47.5   47.5   47.5  ]]"
111,1.0,1.0,112.0,32.0,40.0,1.0,4.538084337000328,1.9846706879980047,2.0,[[ 7.32094004 15.97124925 23.04705716 30.4510631  47.25749786 64.22183719]],6.0,31.378274099684266,"[[ 4.375  4.375  4.375  4.375  4.375  4.375  4.375  4.375  4.375  8.375
  10.25  18.125 21.375 22.625 24.    24.75  24.875 27.25  27.5   27.75
  27.875 28.    28.125 28.25  28.875 29.25  29.625 30.    30.25  30.375
  30.75  32.5   32.5   32.375 30.25  29.75  29.75  29.75  29.75  29.75
  29.75  31.625 31.75  31.75  31.75  31.75  31.75  31.75  31.75  31.75
  31.75 ]]"
112,1.0,1.0,113.0,31.0,26.0,0.0,5.307294104000903,1.8045083660035743,0.0,[[35.43155133 54.75833619 62.65626444 64.42736554 71.17160234 97.34087074]],6.0,64.29766509632694,"[[ 82.75   82.75   82.75   82.75   82.75   82.75   82.75   82.75   82.75
   83.375  91.5   100.    100.    100.    100.    100.    100.    100.
   46.875   0.      0.      0.      0.      0.      0.      1.     11.125
   11.25   19.5    25.875  25.875  27.125  27.5    27.625  28.25   30.875
   31.     32.25   34.375  34.5    34.75   37.     37.     37.     35.375
   33.125  33.     33.     33.     33.     33.     33.     32.75   31.375
   30.875  30.875  30.875  30.875  30.875]]"
113,1.0,1.0,114.0,41.0,50.0,0.0,3.060337291994074,2.818033455994737,0.0,[[ 8.73184419 84.37846971 87.36492686 87.76676913]],4.0,67.060502471965,"[[83.    83.    83.    83.    83.    83.    83.    83.    83.    82.875
  82.875 82.875 82.625 80.25  74.375 65.625 62.25  59.125 51.25  47.125
  45.625 45.375 43.25  40.    39.    38.875 38.875 38.875 38.875 38.875
  38.875 38.875 38.875 40.25  40.875 40.875 40.875 41.125 41.125 41.125
  41.125 41.125 41.125]]"
114,1.0,1.0,115.0,16.0,24.0,0.0,1.7241048689975287,1.5163678030003211,0.0,[[10.68692225 67.89116004]],2.0,39.28904114105602,"[[ 4.875  4.875  4.875  4.875  4.875  4.875  4.875  4.875  4.875  4.875
   4.875  5.375  7.     8.75  10.875 14.875 15.    15.    15.    15.
  15.125 15.375 15.375 15.375 15.625 16.125 16.375 16.375 16.375 16.375
  16.375 16.375 16.375]]"
115,1.0,1.0,116.0,29.0,52.0,0.0,2.727149495993217,2.898350235998805,0.0,[[73.71807795 85.06456852]],2.0,79.39132323849368,"[[74.875 74.875 74.875 74.875 74.875 74.875 74.875 74.875 74.875 74.875
  74.875 74.    72.75  71.5   70.375 68.875 58.375 55.125 48.625 47.
  44.25  43.375 40.    35.875 35.75  35.25  31.    28.625 28.375 28.375
  28.375 28.375 28.375 28.375 28.375 28.375 28.375 28.375 28.375 28.375
  28.875 29.    29.    29.    29.   ]]"
116,1.0,1.0,117.0,34.0,32.0,1.0,4.790180280004279,1.8532081529992865,3.0,[[25.04912011 44.6277285  68.2015566 ]],3.0,45.95946840329688,"[[32.625 32.625 32.625 32.625 32.375 32.375 32.375 32.375 32.25  27.375
  22.125 20.125 11.625  7.625  7.5    7.5    7.5    8.375 11.125 13.25
  14.25  15.875 17.5   18.625 19.875 21.25  25.375 27.75  29.    35.
  36.    36.    36.    36.    36.    36.    36.    36.    36.    36.
  36.    36.    36.125 36.125 36.    35.875 35.75  35.75  35.875 36.
  36.    36.    36.    36.    35.375 34.625 34.25  34.125 34.    34.
  34.    34.    34.    34.    34.    34.    34.    34.    34.    34.
  34.    34.    34.    34.    34.    34.   ]]"
117,1.0,1.0,118.0,39.0,32.0,0.0,2.803041230996314,2.228666080001858,0.0,[[38.66611306 77.63921539 97.29438128]],3.0,71.19990324284936,"[[42.375 42.375 42.375 42.375 42.375 42.375 42.375 41.75  41.25  40.5
  38.625 37.25  36.25  33.375 31.75  30.625 30.25  29.625 29.25  27.875
  26.875 26.625 26.625 26.5   26.625 27.875 28.25  29.375 30.375 30.625
  32.5   33.25  34.875 35.75  36.    36.25  36.875 37.125 37.125 37.375
  37.75  38.    38.    38.    38.    38.75  39.25  39.25  39.25  39.25 ]]"
118,1.0,1.0,119.0,46.0,38.0,1.0,2.5855935650033643,2.0534565600028145,2.0,[[18.07156391 55.6643374  79.10682615]],3.0,50.947575818781296,"[[50.375 50.375 50.375 50.375 50.375 50.    48.625 47.875 46.875 38.625
  37.875 37.75  35.375 34.25  33.875 33.75  33.75  35.25  41.25  41.625
  43.    45.375 45.625 46.    46.    46.    46.    46.    46.    51.375
  53.875 53.875 53.875 53.5   48.625 46.25  45.875 45.875 45.875 45.875
  45.875 45.875 45.875]]"
119,1.0,1.0,120.0,28.0,38.0,1.0,1.8462991490014247,2.4576701359983417,2.0,[[ 5.06905523 16.50428754 24.03028337 29.92487387 48.93554191 97.75873059]],6.0,37.03712875275122,"[[63.75  63.75  63.75  63.75  63.75  63.75  63.75  63.75  63.75  63.75
  53.375 39.5   38.25  31.    29.625 28.625 28.375 28.375 28.375 28.375]]"
120,1.0,1.0,121.0,34.0,36.0,1.0,2.5691207790005137,1.4565204430036829,2.0,[[ 1.93349095 13.11042738 35.56265829 74.68318085 99.81767793]],5.0,45.02148707736884,"[[40.875 40.875 40.875 40.875 40.875 40.875 40.75  40.75  40.75  40.75
  39.125 34.625 34.375 34.375 34.5   40.    43.5   43.625 43.75  43.75
  43.75  43.75  39.75  37.125 36.5   36.125 35.375 34.625 34.25  34.25
  34.25 ]]"
121,1.0,1.0,122.0,40.0,20.0,0.0,3.2364696969962097,1.8918601900004433,0.0,[[59.29656238 96.16034955 96.83919638]],3.0,84.09870276934221,"[[46.125 46.125 46.125 46.125 46.125 46.125 46.125 46.125 46.125 46.125
  46.125 46.125 43.    40.    39.25  37.875 37.5   37.    36.5   35.625
  34.875 34.125 33.75  33.625 33.375 33.25  33.25  33.125 33.125 33.
  33.    33.    33.    33.    33.    33.    34.    35.25  35.5   35.625
  35.625 35.625 35.625 35.875 37.75  38.875 39.125 39.125 39.125 39.5
  40.25  40.25  40.25  40.25  40.25  40.25 ]]"
122,1.0,1.0,123.0,39.0,36.0,1.0,3.506001680994814,2.4745193240014487,2.0,[[12.66570668 21.35056058 22.06321235 51.75385447 86.92171571]],5.0,38.95100995698473,"[[24.625 24.625 24.625 24.625 24.625 24.625 24.625 24.625 24.625 27.75
  28.75  28.75  29.625 31.25  31.25  31.25  31.375 32.5   34.875 35.
  35.    35.125 35.125 35.375 36.125 36.125 36.125 36.75  37.125 37.125
  37.125 37.375 38.125 39.125 39.125 39.125 39.125 39.125 39.125 39.125
  39.125 39.125 39.125]]"
123,1.0,1.0,124.0,42.0,44.0,1.0,2.9930351080038236,3.543994148996717,2.0,[[ 0.36499847 10.8317024  19.37413426 60.74844311 71.16687951]],5.0,32.49723155020628,"[[46.5   46.5   46.5   46.5   46.5   46.5   46.5   46.5   46.5   45.5
  43.625 42.5   41.75  41.25  40.75  37.25  35.75  35.75  44.25  44.5
  44.75  45.    45.    45.    45.    45.125 45.125 45.125 45.125 45.125
  44.875 42.25  41.875 41.75  41.625 41.625]]"
124,1.0,1.0,125.0,44.0,44.0,1.0,1.625222811999265,2.316240435997315,2.0,[[13.85708582 34.20464171 42.80135324 95.6824711 ]],4.0,46.63638796817244,"[[69.75  69.75  69.75  69.75  69.75  69.75  69.75  69.75  69.75  68.375
  64.    59.625 57.375 56.875 51.625 45.125 44.375 44.375 44.125 44.125
  44.    44.    44.   ]]"
125,1.0,1.0,126.0,57.0,40.0,0.0,2.3314638039955753,2.7833239839965245,0.0,[[76.42983325 96.81270142]],2.0,86.62126733534845,"[[72.875 72.875 72.875 72.875 72.875 72.875 72.875 72.875 72.875 72.875
  72.875 69.75  66.625 63.875 60.375 59.25  58.5   56.375 49.625 41.75
  41.125 39.5   29.75  22.    20.875 20.125 19.    18.5   18.25  18.
  18.    18.    19.125 43.    53.75  57.25  57.25  57.25  57.25  57.25
  57.25  57.25  57.25 ]]"
126,1.0,1.0,127.0,50.0,58.0,1.0,2.4851947630013456,2.4610059129990987,1.0,[[16.60302957 37.36310327 69.57559713 72.61839856 83.0455863  84.93472205]],6.0,60.69007281287369,"[[15.5   15.5   15.5   24.625 10.125  0.     0.     0.     0.    35.375
  35.375 35.375 54.625 74.875 70.    56.625 51.875 50.375 50.    50.
  50.    50.    50.    50.    50.    50.    50.   ]]"
127,1.0,1.0,128.0,52.0,60.0,1.0,3.223521558000357,1.608859981999558,1.0,[[ 7.22627438 49.88236775 50.31754029 56.5561843  99.9755515 ]],5.0,52.79158364163975,"[[98.75  98.75  98.75  98.75  98.75  98.75  98.75  98.75  89.375 77.5
  75.125 65.875 57.375 56.125 54.875 47.    44.625 44.625 45.625 46.125
  49.    53.25  53.25  53.25  53.25  53.25  53.375 53.625 54.    54.125
  54.125 54.25  54.25  54.25  54.25  52.375 51.875 51.875 51.875 51.875]]"
128,1.0,1.0,129.0,39.0,48.0,1.0,3.756852758997411,1.519040685001528,1.0,[[ 9.27924497 21.00384663 72.49686277 90.14919452]],4.0,48.23228722423981,"[[12.375 12.375 12.375 12.375 12.375 12.375 12.375 12.375 12.375 12.
  11.625 11.875 15.625 21.625 27.625 27.625 27.625 29.75  31.125 32.375
  33.625 33.75  33.75  33.75  34.375 35.375 36.375 36.625 36.875 39.
  39.5   39.5   38.875 38.5   38.375 38.375 38.375 38.375 38.375 38.625
  38.75  38.875 38.875 38.875 38.875 39.    39.125 39.125 39.125 39.125]]"
129,1.0,1.0,130.0,45.0,42.0,1.0,2.2703703320003115,2.9679275849994156,2.0,[[25.35980867 49.66563367 74.0874512  79.26880867]],4.0,57.095425552478545,"[[90.375 90.375 90.375 90.375 90.375 90.375 90.375 90.375 89.375 83.
  49.    47.25  47.25  47.125 46.5   46.5   46.375 47.    47.5   48.125
  48.375 48.375 48.375 48.375 47.75  45.75  45.5   45.5   45.375 45.375
  45.375]]"
130,1.0,1.0,131.0,29.0,34.0,1.0,2.5755157230014447,1.8388330599991605,3.0,[[11.44363198 56.19478233]],2.0,33.8192071549241,"[[89.375 89.375 89.375 89.375 89.375 89.375 89.375 89.    87.875 86.75
  83.625 79.875 75.125 69.125 66.125 61.375 51.875 49.875 48.625 47.125
  45.875 45.625 45.5   45.    44.5   34.875 28.125 27.5   26.875 24.875
  22.375 20.875 20.5   20.5   23.125 27.5   28.125 28.75  28.875 28.875
  28.875 28.875 28.875 28.875 28.875 28.75  28.75  28.75 ]]"
131,1.0,1.0,132.0,10.0,20.0,1.0,2.8095349259965587,4.0642028779984685,6.0,[[ 5.76370407 26.48443305]],2.0,16.124068561580113,"[[61.75  61.75  61.75  61.75  61.75  61.75  61.75  61.75  61.75  61.75
  61.75  54.875 50.25  46.625 44.    41.375 38.875 38.625 38.    36.875
  32.625 32.    31.625 31.25  31.125 31.125 31.125 31.125 31.125 31.125
  31.125 31.125 30.5   30.375 29.875 29.75  29.75  29.375 28.125 26.5
  25.375 18.125 13.5   12.5   12.    11.    10.125 10.125 10.    10.
  10.    10.   ]]"
132,1.0,1.0,133.0,39.0,30.0,1.0,1.884642780001741,3.0230215400006273,3.0,[[ 1.87045355 23.74384414 42.97286173 50.53262719 58.76458583 64.85574045]],6.0,40.45668548087102,"[[56.75  56.75  56.75  56.75  56.75  56.75  56.75  56.875 56.875 56.875
  56.875 56.875 53.375 45.875 43.75  40.75  39.25  39.    39.    39.   ]]"
133,1.0,1.0,134.0,35.0,30.0,1.0,4.767581453001185,1.7193782739996095,3.0,[[20.20288215 24.9557322  69.45621188]],3.0,38.204942073668995,"[[19.625 19.625 19.625 19.625 19.625 19.625 19.625 19.625 19.625 19.625
  19.625 19.625 19.625 19.625 19.625 19.625 19.625 19.625 19.625 19.625
  19.625 19.625 19.625 19.625 19.625 19.625 19.625 19.625 19.625 19.625
  19.625 19.625 19.625 19.625 19.625 19.625 19.625 19.625 19.625 19.625
  19.625 19.625 30.125 31.875 59.125 68.75  68.75  64.75  64.125 49.625
  49.125 48.5   46.875 45.75  45.625 45.125 44.375 43.    42.625 42.375
  42.    41.5   38.375 38.    37.875 37.875 37.75  37.    36.875 36.625
  36.25  35.625 35.375 35.25  35.25  35.125]]"
134,1.0,1.0,135.0,34.0,24.0,0.0,4.131106742002885,1.6971633680004743,0.0,[[35.98372927 41.03335562 43.05409204 66.69582313]],4.0,46.69175001295715,"[[28.625 28.625 28.625 28.625 28.625 28.625 28.625 28.625 28.625 28.625
  28.625 27.5   26.25  25.25  23.25  22.125 21.    20.75  20.625 20.375
  20.375 19.75  18.375 18.125 18.125 19.    22.5   28.75  30.    30.75
  35.625 40.5   40.5   40.375 40.375 39.    38.    38.    38.    38.
  38.    38.    38.    37.875 37.375 36.375 35.375 34.125 33.625 33.5
  33.5   33.5   33.5   33.5   33.5  ]]"
135,1.0,1.0,136.0,30.0,22.0,0.0,2.1868038890024764,1.5790801719995216,0.0,[[25.1974192  84.4760855  91.47863685]],3.0,67.05071384664653,"[[17.875 17.875 17.875 17.875 17.875 17.875 17.875 17.875 17.875 17.875
  17.875 21.625 24.125 24.125 24.125 24.125 24.125 24.875 25.25  25.5
  26.375 26.875 27.25  29.375 30.5   30.5   30.5   30.5   30.5   30.5
  30.5   30.5   30.5   30.5   30.5   30.5  ]]"
136,1.0,1.0,137.0,42.0,48.0,1.0,2.403382025004248,1.4087662999954773,1.0,[[10.33938632 60.88183954 64.07161239]],3.0,45.097612750711924,"[[25.875 25.875 25.875 25.875 25.875 25.75  25.375 25.125 25.125 25.625
  31.25  45.625 47.    47.    47.    47.    48.    48.5   48.5   48.5
  48.5   48.375 48.125 48.    48.    48.    48.    48.    48.    48.
  48.    46.625 44.125 42.25  42.25  42.25  42.25  42.25  42.25  42.25
  42.25 ]]"
137,1.0,1.0,138.0,44.0,56.0,0.0,1.7459162719969754,1.2576039920022595,0.0,[[33.20945964 93.67114229 99.29809728]],3.0,75.39289973806535,"[[95.375 95.375 95.375 95.375 95.375 95.375 95.375 95.375 95.375 94.375
  77.625 54.875 51.875 51.75  51.5   44.625 42.375 42.375 42.375 42.25
  42.75  43.    43.5   44.125 44.25  44.25  44.25  44.25 ]]"
138,1.0,1.0,139.0,44.0,40.0,1.0,2.103526137994777,1.9254115209987503,2.0,[[ 8.59278529 47.85412154 55.99818031 75.45778985 97.52755998]],5.0,57.086087392066645,"[[79.    79.    79.    79.    79.    78.625 65.5   49.25  41.75  40.875
  40.625 39.875 39.75  39.875 39.875 40.75  42.    42.    42.    43.75
  43.75  43.75  43.75  43.75  43.75 ]]"
139,1.0,1.0,140.0,41.0,16.0,0.0,3.0126154000026872,1.5858523679999053,0.0,[[52.2993073  64.25675995 85.82740766 94.74681359 97.91102608]],5.0,79.00826291703372,"[[16.75  16.75  16.75  16.75  16.75  16.75  16.75  19.5   33.5   34.875
  36.25  36.875 37.25  41.5   41.625 41.625 41.875 41.875 41.875 41.625
  41.375 40.75  40.75  40.625 40.625 40.5   40.5   41.125 41.375 41.375
  41.375 41.375 41.375 41.375 41.375 41.375]]"
140,1.0,1.0,141.0,39.0,48.0,1.0,4.137713162999717,3.036676477997389,1.0,[[ 8.27185048 15.49930285 50.04218916 60.94610232 90.03698935]],5.0,44.95928683089411,"[[ 5.125  5.125  5.125  5.125  5.125  5.125  6.875 12.375 19.875 19.875
  19.875 20.    20.    20.    20.    20.375 20.375 20.375 20.375 20.375
  20.375 20.375 20.75  81.5   90.    87.375 86.    85.75  36.125 31.5
  23.25   8.125  7.5   13.75  24.125 24.125 24.875 25.    26.    28.75
  30.125 33.125 34.25  34.25  34.875 38.875 39.    39.    39.   ]]"
141,1.0,1.0,142.0,54.0,40.0,0.0,1.69245468799636,3.027599936001934,0.0,[[88.04322438 95.18674206]],2.0,91.61498322323897,"[[46.25  46.25  46.25  46.25  46.25  46.    46.    45.875 45.5   44.25
  43.    40.875 27.    26.25  26.25  26.25  26.5   38.5   44.125 44.25
  50.    52.875 53.    53.    53.    53.625 53.625 53.625 53.625 53.625
  53.625]]"
142,1.0,1.0,143.0,41.0,46.0,1.0,2.55787961200258,1.9705694609947386,2.0,[[13.61934626 58.03182756 69.77011702 74.89714848 91.97665838]],5.0,61.65901953805358,"[[86.75  86.75  86.75  86.75  86.75  86.75  88.125 88.375 86.25  75.5
  34.125 28.5   28.875 31.375 36.5   37.    37.125 37.25  37.5   41.
  41.    41.125 41.125 41.125 41.125 41.    41.    41.    40.875]]"
143,1.0,1.0,144.0,48.0,30.0,1.0,1.943891380004061,2.146931384995696,3.0,[[15.54002599 49.88961426 82.86527038 99.50837917]],4.0,61.950822450490286,"[[10.75  10.75  10.75  10.75  10.75  10.75  10.625 18.125 56.75  56.375
  56.25  56.25  55.625 55.125 54.125 52.625 51.5   50.875 48.375 48.25
  48.125 48.125 48.125 48.125 48.125 48.125 48.125]]"
144,1.0,1.0,145.0,45.0,36.0,0.0,2.611748126000748,1.4899737050000113,0.0,[[40.29755678 45.43358472 93.05720101 94.60108406]],4.0,68.3473566426877,"[[55.375 55.375 55.375 55.375 55.25  54.875 54.375 53.    49.75  49.25
  48.875 47.5   46.625 43.125 42.25  40.75  40.75  40.75  41.    43.625
  43.875 44.    44.625 44.75  45.    45.    45.    45.    45.    45.
  45.    45.    45.    45.    45.   ]]"
145,1.0,1.0,146.0,47.0,40.0,1.0,2.1853325740012224,2.128273674999946,2.0,[[ 8.30411296 19.52822594 25.30784375 41.81610386 65.00366988]],5.0,31.991991277600505,"[[ 4.125  4.125  4.125  4.     4.    10.25  47.75  51.25  51.125 50.25
  50.125 50.    49.75  49.625 49.5   49.375 47.75  47.125 46.875 46.625
  46.625 46.625 46.625 46.625 46.625 46.625]]"
146,1.0,1.0,147.0,22.0,26.0,1.0,2.3258699670041096,3.5116928050047136,4.0,[[17.63260624 30.93555749]],2.0,24.28408186690971,"[[63.625 63.625 63.625 63.625 63.625 63.625 63.625 63.625 63.625 63.625
  63.625 63.625 63.625 63.625 63.625 63.    62.625 61.125 59.375 58.625
  57.5   55.    46.    41.25  40.375 31.75   6.125  3.375  3.375  3.375
   3.375  5.5   21.5   22.    22.    22.    22.    22.    22.    22.
  22.    22.   ]]"
147,1.0,1.0,148.0,20.0,20.0,1.0,3.0456808930030093,1.6246987399936188,6.0,[[25.40704496 26.35593847]],2.0,25.881491713829128,"[[24.875 24.875 24.875 24.875 24.875 25.875 26.125 27.5   29.5   30.625
  34.375 37.375 39.25  39.875 41.875 42.5   43.125 43.25  43.25  43.25
  43.25  43.25  43.25  43.25  43.25  43.25  43.25  40.875 33.625 29.5
  29.5   29.5   29.5   29.5   29.5   29.5   29.5   29.    25.5   16.375
  16.375 16.375 16.375 16.375 16.375 17.25  18.25  18.625 19.25  19.25
  19.5   19.5   19.5   19.5   19.5  ]]"
148,1.0,1.0,149.0,29.0,22.0,0.0,3.738804408996657,1.8916280850025942,0.0,[[20.26932554 58.89270604 80.53210245]],3.0,53.231378010860425,"[[ 0.     0.     0.     0.     0.     0.     0.     0.     0.     0.
   0.125  2.     3.75  11.75  14.625 14.625 14.625 14.625 14.625 13.75
  13.25  13.25  14.375 20.125 21.    22.25  25.    26.125 28.625 33.75
  35.625 35.625 35.625 35.5   33.25  29.125 29.125 29.125 29.125 29.125
  29.125 29.125 29.125 29.125 29.125 29.125 29.125 29.125 29.125 29.125
  29.125 29.125 29.125 29.125 29.125 29.125 29.125 29.125 29.125 29.125]]"
149,1.0,1.0,150.0,33.0,46.0,1.0,2.176393959001871,1.4974028340002405,2.0,[[ 6.89435653 14.88952569 29.98724232 34.07072559 37.26831864 76.11332718]],6.0,33.20391599008507,"[[36.625 36.625 36.625 36.875 37.125 40.25  40.5   40.625 42.375 42.5
  42.5   42.5   42.5   42.5   42.5   42.5   42.25  34.25  33.    33.
  32.875 32.875 32.875]]"
